amendment.api_uri,amendment.number,amendment.sponsor,amendment.sponsor_id,amendment.sponsor_party,amendment.sponsor_state,amendment.sponsor_uri,bill.api_uri,bill.bill_id,bill.bill_uri,bill.latest_action,bill.number,bill.sponsor_id,bill.title,chamber,congress,date,description,member_id,nomination.agency,nomination.name,nomination.nomination_id,nomination.number,position,question,result,roll_call,session,time,total.no,total.not_voting,total.present,total.yes,vote_uri
,,,,,,,,hr6-115,https://api.propublica.org/congress/v1/115/bills/hr6.json,Message on Senate action sent to the House.,H.R.6,W000791,"To provide for opioid use disorder prevention, recovery, and treatment, and for other purposes.",Senate,115,2018-10-03,"A bill to provide for opioid use disorder prevention, recovery, and treatment, and for other purposes.",H001079,,,,,Yes,On the Motion,Motion Agreed to,221,2,15:18:00,1,1,0,98,https://api.propublica.org/congress/v1/115/senate/sessions/2/votes/221.json
,,,,,,,,hr302-115,https://api.propublica.org/congress/v1/115/bills/hr302.json,Message on Senate action sent to the House.,H.R.302,G000558,To provide protections for certain sports medicine professionals who provide certain medical services in a secondary State.,Senate,115,2018-10-03,A bill to provide protections for certain sports medicine professionals who provide certain medical services in a secondary State.,H001079,,,,,Yes,On the Motion,Motion Agreed to,220,2,12:01:00,6,1,0,93,https://api.propublica.org/congress/v1/115/senate/sessions/2/votes/220.json
,,,,,,,,hr302-115,https://api.propublica.org/congress/v1/115/bills/hr302.json,Message on Senate action sent to the House.,H.R.302,G000558,To provide protections for certain sports medicine professionals who provide certain medical services in a secondary State.,Senate,115,2018-10-01,A bill to provide protections for certain sports medicine professionals who provide certain medical services in a secondary State.,H001079,,,,,Yes,On the Cloture Motion,Cloture Motion Agreed to,219,2,17:31:00,7,3,0,90,https://api.propublica.org/congress/v1/115/senate/sessions/2/votes/219.json
,,,,,,,,pn1677-115,,,PN1677,,,Senate,115,2018-09-27,"Lisa Porter, of Virginia, to be a Deputy Under Secretary of Defense",H001079,Department of Defense,Lisa Porter,PN1677-115,PN1677,Yes,On the Nomination,Nomination Confirmed,218,2,12:41:00,1,1,0,98,https://api.propublica.org/congress/v1/115/senate/sessions/2/votes/218.json
,,,,,,,,pn2073-115,,,PN2073,,,Senate,115,2018-09-26,"Peter A. Feldman, of the District of Columbia, to be a Commissioner of the Consumer Product Safety Commission for a term of seven years from October 27, 2019",H001079,Consumer Product Safety Commission,Peter A. Feldman,PN2073-115,PN2073,Yes,On the Nomination,Nomination Confirmed,217,2,13:46:00,49,0,0,51,https://api.propublica.org/congress/v1/115/senate/sessions/2/votes/217.json
,,,,,,,,pn2073-115,,,PN2073,,,Senate,115,2018-09-25,"Peter A. Feldman, of the District of Columbia, to be a Commissioner of the Consumer Product Safety Commission for a term of seven years from October 27, 2019",H001079,Consumer Product Safety Commission,Peter A. Feldman,PN2073-115,PN2073,Yes,On the Cloture Motion,Cloture Motion Agreed to,216,2,14:45:00,49,1,0,50,https://api.propublica.org/congress/v1/115/senate/sessions/2/votes/216.json
,,,,,,,,pn2048-115,,,PN2048,,,Senate,115,2018-09-25,"Peter A. Feldman, of the District of Columbia, to be a Commissioner of the Consumer Product Safety Commission for the remainder of the term expiring October 26, 2019",H001079,Consumer Product Safety Commission,Peter A. Feldman,PN2048-115,PN2048,Yes,On the Nomination,Nomination Confirmed,215,2,14:16:00,19,1,0,80,https://api.propublica.org/congress/v1/115/senate/sessions/2/votes/215.json
,,,,,,,,pn2048-115,,,PN2048,,,Senate,115,2018-09-24,"Peter A. Feldman, of the District of Columbia, to be a Commissioner of the Consumer Product Safety Commission for the remainder of the term expiring October 26, 2019",H001079,Consumer Product Safety Commission,Peter A. Feldman,PN2048-115,PN2048,Yes,On the Cloture Motion,Cloture Motion Agreed to,214,2,18:02:00,18,6,0,76,https://api.propublica.org/congress/v1/115/senate/sessions/2/votes/214.json
,,,,,,,,pn1447-115,,,PN1447,,,Senate,115,2018-09-24,"Jackie Wolcott, of Virginia, to be Representative of the United States of America to the Vienna Office of the United Nations, with the rank of Ambassador; and Jackie Wolcott, of ...",H001079,International Atomic Energy Agency,Jackie Wolcott,PN1447-115,PN1447,Yes,On the Nomination,Nomination Confirmed,213,2,17:32:00,19,6,0,75,https://api.propublica.org/congress/v1/115/senate/sessions/2/votes/213.json
,,,,,,,,hr6157-115,https://api.propublica.org/congress/v1/115/bills/hr6157.json,Became Public Law No: 115-245.,H.R.6157,G000377,"Making appropriations for the Department of Defense for the fiscal year ending September 30, 2019, and for other purposes.",Senate,115,2018-09-18,"A bill making appropriations for the Department of Defense for the fiscal year ending September 30, 2019, and for other purposes.",H001079,,,,,Yes,On the Conference Report,Conference Report Agreed to,212,2,12:45:00,7,0,0,93,https://api.propublica.org/congress/v1/115/senate/sessions/2/votes/212.json
,,,,,,,,hr6157-115,https://api.propublica.org/congress/v1/115/bills/hr6157.json,Became Public Law No: 115-245.,H.R.6157,G000377,"Making appropriations for the Department of Defense for the fiscal year ending September 30, 2019, and for other purposes.",Senate,115,2018-09-18,"A bill making appropriations for the Department of Defense for the fiscal year ending September 30, 2019, and for other purposes.",H001079,,,,,Yes,On the Cloture Motion,Cloture Motion Agreed to,211,2,12:05:00,8,0,0,92,https://api.propublica.org/congress/v1/115/senate/sessions/2/votes/211.json
,,,,,,,,hr6-115,https://api.propublica.org/congress/v1/115/bills/hr6.json,Message on Senate action sent to the House.,H.R.6,W000791,"To provide for opioid use disorder prevention, recovery, and treatment, and for other purposes.",Senate,115,2018-09-17,"A bill to provide for opioid use disorder prevention, recovery, and treatment, and for other purposes.",H001079,,,,,Yes,On Passage of the Bill,Bill Passed,210,2,18:35:00,1,0,0,99,https://api.propublica.org/congress/v1/115/senate/sessions/2/votes/210.json
,,,,,,,,s2554-115,https://api.propublica.org/congress/v1/115/bills/s2554.json,Presented to President.,S.2554,C001035,A bill to ensure that health insurance issuers and group health plans do not prohibit pharmacy providers from providing certain information to enrollees.,Senate,115,2018-09-17,A bill to ensure that health insurance issuers and group health plans do not prohibit pharmacy providers from providing certain information to enrollees.,H001079,,,,,Yes,On Passage of the Bill,Bill Passed,209,2,18:16:00,2,0,0,98,https://api.propublica.org/congress/v1/115/senate/sessions/2/votes/209.json
https://api.propublica.org/congress/v1/115/amendments/samdt4011.json,S.Amdt. 4011,Mike Lee,L000577,R,Utah,https://api.propublica.org/congress/v1/members/L000577.json,,s2554-115,https://api.propublica.org/congress/v1/115/bills/s2554.json,Presented to President.,S. 2554,C001035,A bill to ensure that health insurance issuers and group health plans do not prohibit pharmacy providers from providing certain information to enrollees.,Senate,115,2018-09-17,To limit application of the gag clause to self-insured group health plans.,H001079,,,,,Yes,On the Amendment,Amendment Rejected,208,2,17:43:00,89,0,0,11,https://api.propublica.org/congress/v1/115/senate/sessions/2/votes/208.json
,,,,,,,,hr5895-115,https://api.propublica.org/congress/v1/115/bills/hr5895.json,Became Public Law No: 115-244.,H.R.5895,S001148,"Making appropriations for energy and water development and related agencies for the fiscal year ending September 30, 2019, and for other purposes.",Senate,115,2018-09-12,"A bill making appropriations for energy and water development and related agencies for the fiscal year ending September 30, 2019, and for other purposes.",H001079,,,,,Yes,On the Conference Report,Conference Report Agreed to,207,2,18:57:00,5,3,0,92,https://api.propublica.org/congress/v1/115/senate/sessions/2/votes/207.json
,,,,,,,,pn1620-115,,,PN1620,,,Senate,115,2018-09-12,"Charles P. Rettig, of California, to be Commissioner of Internal Revenue for the term expiring November 12, 2022",H001079,Department of the Treasury,Charles P. Rettig,PN1620-115,PN1620,Yes,On the Nomination,Nomination Confirmed,206,2,18:32:00,33,3,0,64,https://api.propublica.org/congress/v1/115/senate/sessions/2/votes/206.json
,,,,,,,,pn1620-115,,,PN1620,,,Senate,115,2018-09-12,"Charles P. Rettig, of California, to be Commissioner of Internal Revenue for the term expiring November 12, 2022",H001079,Department of the Treasury,Charles P. Rettig,PN1620-115,PN1620,Yes,On the Cloture Motion,Cloture Motion Agreed to,205,2,18:00:00,34,3,0,63,https://api.propublica.org/congress/v1/115/senate/sessions/2/votes/205.json
,,,,,,,,pn1650-115,,,PN1650,,,Senate,115,2018-09-06,"Charles J. Williams, of Iowa, to be United States District Judge for the Northern District of Iowa",H001079,The Judiciary,Charles J. Williams,PN1650-115,PN1650,Yes,On the Nomination,Nomination Confirmed,204,2,14:14:00,12,9,0,79,https://api.propublica.org/congress/v1/115/senate/sessions/2/votes/204.json
,,,,,,,,pn1525-115,,,PN1525,,,Senate,115,2018-09-06,"Dominic W. Lanza, of Arizona, to be United States District Judge for the District of Arizona",H001079,The Judiciary,Dominic W. Lanza,PN1525-115,PN1525,Yes,On the Nomination,Nomination Confirmed,203,2,13:48:00,35,5,0,60,https://api.propublica.org/congress/v1/115/senate/sessions/2/votes/203.json
,,,,,,,,pn2047-115,,,PN2047,,,Senate,115,2018-09-05,"Elad L. Roisman, of Maine, to be a Member of the Securities and Exchange Commission for a term expiring June 5, 2023",H001079,Securities and Exchange Commission,Elad L. Roisman,PN2047-115,PN2047,Yes,On the Nomination,Nomination Confirmed,202,2,12:10:00,14,0,0,85,https://api.propublica.org/congress/v1/115/senate/sessions/2/votes/202.json
,,,,,,,,pn2047-115,,,PN2047,,,Senate,115,2018-09-04,"Elad L. Roisman, of Maine, to be a Member of the Securities and Exchange Commission for a term expiring June 5, 2023",H001079,Securities and Exchange Commission,Elad L. Roisman,PN2047-115,PN2047,Yes,On the Cloture Motion,Cloture Motion Agreed to,201,2,17:31:00,14,2,0,83,https://api.propublica.org/congress/v1/115/senate/sessions/2/votes/201.json
,,,,,,,,pn1413-115,,,PN1413,,,Senate,115,2018-08-28,"Charles Barnes Goodwin, of Oklahoma, to be United States District Judge for the Western District of Oklahoma",H001079,The Judiciary,Charles Barnes Goodwin,PN1413-115,PN1413,Yes,On the Nomination,Nomination Confirmed,200,2,16:55:00,42,5,0,52,https://api.propublica.org/congress/v1/115/senate/sessions/2/votes/200.json
,,,,,,,,pn1398-115,,,PN1398,,,Senate,115,2018-08-28,"Isabel Marie Keenan Patelunas, of Pennsylvania, to be Assistant Secretary for Intelligence and Analysis, Department of the Treasury",H001079,Department of the Treasury,Isabel Marie Keenan Patelunas,PN1398-115,PN1398,Yes,On the Nomination,Nomination Confirmed,199,2,16:36:00,20,4,0,75,https://api.propublica.org/congress/v1/115/senate/sessions/2/votes/199.json
,,,,,,,,pn1414-115,,,PN1414,,,Senate,115,2018-08-28,"Joseph H. Hunt, of Maryland, to be an Assistant Attorney General",H001079,Department of Justice,Joseph H. Hunt,PN1414-115,PN1414,Yes,On the Nomination,Nomination Confirmed,198,2,16:21:00,23,4,0,72,https://api.propublica.org/congress/v1/115/senate/sessions/2/votes/198.json
,,,,,,,,pn1861-115,,,PN1861,,,Senate,115,2018-08-28,"Richard Clarida, of Connecticut, to be Vice Chairman of the Board of Governors of the Federal Reserve System for a term of four years",H001079,Federal Reserve System,Richard Clarida,PN1861-115,PN1861,Yes,On the Nomination,Nomination Confirmed,197,2,15:46:00,26,4,0,69,https://api.propublica.org/congress/v1/115/senate/sessions/2/votes/197.json
,,,,,,,,pn1861-115,,,PN1861,,,Senate,115,2018-08-28,"Richard Clarida, of Connecticut, to be Vice Chairman of the Board of Governors of the Federal Reserve System for a term of four years",H001079,Federal Reserve System,Richard Clarida,PN1861-115,PN1861,Yes,On the Cloture Motion,Cloture Motion Agreed to,196,2,11:14:00,26,4,0,69,https://api.propublica.org/congress/v1/115/senate/sessions/2/votes/196.json
,,,,,,,,pn602-115,,,PN602,,,Senate,115,2018-08-28,"Lynn A. Johnson, of Colorado, to be Assistant Secretary for Family Support, Department of Health and Human Services",H001079,Department of Health and Human Services,Lynn A. Johnson,PN602-115,PN602,Yes,On the Nomination,Nomination Confirmed,195,2,10:42:00,28,4,0,67,https://api.propublica.org/congress/v1/115/senate/sessions/2/votes/195.json
,,,,,,,,pn602-115,,,PN602,,,Senate,115,2018-08-27,"Lynn A. Johnson, of Colorado, to be Assistant Secretary for Family Support, Department of Health and Human Services",H001079,Department of Health and Human Services,Lynn A. Johnson,PN602-115,PN602,Yes,On the Cloture Motion,Cloture Motion Agreed to,194,2,17:34:00,28,11,0,60,https://api.propublica.org/congress/v1/115/senate/sessions/2/votes/194.json
,,,,,,,,hr6157-115,https://api.propublica.org/congress/v1/115/bills/hr6157.json,Became Public Law No: 115-245.,H.R.6157,G000377,"Making appropriations for the Department of Defense for the fiscal year ending September 30, 2019, and for other purposes.",Senate,115,2018-08-23,"A bill making appropriations for the Department of Defense for the fiscal year ending September 30, 2019, and for other purposes.",H001079,,,,,Yes,On Passage of the Bill,Bill Passed,193,2,17:15:00,7,8,0,85,https://api.propublica.org/congress/v1/115/senate/sessions/2/votes/193.json
https://api.propublica.org/congress/v1/115/amendments/samdt3695.json,S.Amdt. 3695,Richard C. Shelby,S000320,R,Ala.,https://api.propublica.org/congress/v1/members/S000320.json,,hr6157-115,https://api.propublica.org/congress/v1/115/bills/hr6157.json,Became Public Law No: 115-245.,H.R. 6157,G000377,"Making appropriations for the Department of Defense for the fiscal year ending September 30, 2019, and for other purposes.",Senate,115,2018-08-23,In the nature of a substitute.,H001079,,,,,Yes,On the Motion,Motion Agreed to,192,2,16:47:00,24,8,0,68,https://api.propublica.org/congress/v1/115/senate/sessions/2/votes/192.json
https://api.propublica.org/congress/v1/115/amendments/samdt3967.json,S.Amdt. 3967 to S.Amdt. 3695,Rand Paul,P000603,R,Ky.,https://api.propublica.org/congress/v1/members/P000603.json,,hr6157-115,https://api.propublica.org/congress/v1/115/bills/hr6157.json,Became Public Law No: 115-245.,H.R. 6157,G000377,"Making appropriations for the Department of Defense for the fiscal year ending September 30, 2019, and for other purposes.",Senate,115,2018-08-23,To prohibit Federal funds being made available to a prohibited entity.,H001079,,,,,Yes,On the Amendment,Amendment Rejected,191,2,16:10:00,48,7,0,45,https://api.propublica.org/congress/v1/115/senate/sessions/2/votes/191.json
https://api.propublica.org/congress/v1/115/amendments/samdt3695.json,S.Amdt. 3695,Richard C. Shelby,S000320,R,Ala.,https://api.propublica.org/congress/v1/members/S000320.json,,hr6157-115,https://api.propublica.org/congress/v1/115/bills/hr6157.json,Became Public Law No: 115-245.,H.R. 6157,G000377,"Making appropriations for the Department of Defense for the fiscal year ending September 30, 2019, and for other purposes.",Senate,115,2018-08-23,In the nature of a substitute.,H001079,,,,,Yes,On the Cloture Motion,Cloture Motion Agreed to,190,2,10:35:00,6,4,0,90,https://api.propublica.org/congress/v1/115/senate/sessions/2/votes/190.json
https://api.propublica.org/congress/v1/115/amendments/samdt3703.json,S.Amdt. 3703 to S.Amdt. 3695,John Kennedy,K000393,R,La.,https://api.propublica.org/congress/v1/members/K000393.json,,hr6157-115,https://api.propublica.org/congress/v1/115/bills/hr6157.json,Became Public Law No: 115-245.,H.R. 6157,G000377,"Making appropriations for the Department of Defense for the fiscal year ending September 30, 2019, and for other purposes.",Senate,115,2018-08-21,To increase funding for the National Suicide Prevention Lifeline.,H001079,,,,,Yes,On the Amendment,Amendment Agreed to,189,2,12:53:00,0,5,0,95,https://api.propublica.org/congress/v1/115/senate/sessions/2/votes/189.json
https://api.propublica.org/congress/v1/115/amendments/samdt3773.json,S.Amdt. 3773 to S.Amdt. 3695,Bill Nelson,N000032,D,Fla.,https://api.propublica.org/congress/v1/members/N000032.json,,hr6157-115,https://api.propublica.org/congress/v1/115/bills/hr6157.json,Became Public Law No: 115-245.,H.R. 6157,G000377,"Making appropriations for the Department of Defense for the fiscal year ending September 30, 2019, and for other purposes.",Senate,115,2018-08-21,To require a Comptroller General of the United States report on the implementation of the Military Health System Genesis electronic health record.,H001079,,,,,Yes,On the Amendment,Amendment Agreed to,188,2,12:10:00,0,5,0,95,https://api.propublica.org/congress/v1/115/senate/sessions/2/votes/188.json
https://api.propublica.org/congress/v1/115/amendments/samdt3706.json,S.Amdt. 3706 to S.Amdt. 3695,Deb Fischer,F000463,R,Neb.,https://api.propublica.org/congress/v1/members/F000463.json,,hr6157-115,https://api.propublica.org/congress/v1/115/bills/hr6157.json,Became Public Law No: 115-245.,H.R. 6157,G000377,"Making appropriations for the Department of Defense for the fiscal year ending September 30, 2019, and for other purposes.",Senate,115,2018-08-20,"To appropriate an additional $10,000,000 for Operation and Maintenance, Defense-Wide for POW/MIA identification within the Defense Personnel Accounting Agency, and to provide an offset.",H001079,,,,,Not Voting,On the Amendment,Amendment Agreed to,187,2,18:03:00,0,15,0,85,https://api.propublica.org/congress/v1/115/senate/sessions/2/votes/187.json
https://api.propublica.org/congress/v1/115/amendments/samdt3705.json,S.Amdt. 3705 to S.Amdt. 3695,Robert Menendez,M000639,D,N.J.,https://api.propublica.org/congress/v1/members/M000639.json,,hr6157-115,https://api.propublica.org/congress/v1/115/bills/hr6157.json,Became Public Law No: 115-245.,H.R. 6157,G000377,"Making appropriations for the Department of Defense for the fiscal year ending September 30, 2019, and for other purposes.",Senate,115,2018-08-20,To provide funding for the Firefighter Cancer Registry Act of 2018.,H001079,,,,,Not Voting,On the Amendment,Amendment Agreed to,186,2,17:31:00,0,15,0,85,https://api.propublica.org/congress/v1/115/senate/sessions/2/votes/186.json
,,,,,,,,pn1897-115,,,PN1897,,,Senate,115,2018-08-16,"Julius Ness Richardson, of South Carolina, to be United States Circuit Judge for the Fourth Circuit",H001079,The Judiciary,Julius Ness Richardson,PN1897-115,PN1897,Yes,On the Nomination,Nomination Confirmed,185,2,13:45:00,8,11,0,81,https://api.propublica.org/congress/v1/115/senate/sessions/2/votes/185.json
,,,,,,,,pn1897-115,,,PN1897,,,Senate,115,2018-08-16,"Julius Ness Richardson, of South Carolina, to be United States Circuit Judge for the Fourth Circuit",H001079,The Judiciary,Julius Ness Richardson,PN1897-115,PN1897,Yes,On the Cloture Motion,Cloture Motion Agreed to,184,2,12:35:00,10,10,0,80,https://api.propublica.org/congress/v1/115/senate/sessions/2/votes/184.json
,,,,,,,,pn1895-115,,,PN1895,,,Senate,115,2018-08-16,"A. Marvin Quattlebaum, Jr., of South Carolina, to be United States Circuit Judge for the Fourth Circuit",H001079,The Judiciary,A. Marvin Quattlebaum Jr.,PN1895-115,PN1895,Yes,On the Nomination,Nomination Confirmed,183,2,12:00:00,28,10,0,62,https://api.propublica.org/congress/v1/115/senate/sessions/2/votes/183.json
,,,,,,,,pn1895-115,,,PN1895,,,Senate,115,2018-08-15,"A. Marvin Quattlebaum, Jr., of South Carolina, to be United States Circuit Judge for the Fourth Circuit",H001079,The Judiciary,A. Marvin Quattlebaum Jr.,PN1895-115,PN1895,Yes,On the Cloture Motion,Cloture Motion Agreed to,182,2,17:30:00,28,11,0,61,https://api.propublica.org/congress/v1/115/senate/sessions/2/votes/182.json
,,,,,,,,hr5515-115,https://api.propublica.org/congress/v1/115/bills/hr5515.json,Became Public Law No: 115-232.,H.R.5515,T000238,"To authorize appropriations for fiscal year 2019 for military activities of the Department of Defense and for military construction, to prescribe military personnel strengths for such fiscal year, and for other purposes.",Senate,115,2018-08-01,"To authorize appropriations for fiscal year 2019 for military activities of the Department of Defense, for military construction, and for defense activities of the Department of Energy, to prescribe military ...",H001079,,,,,Yes,On the Conference Report,Conference Report Agreed to,181,2,13:58:00,10,3,0,87,https://api.propublica.org/congress/v1/115/senate/sessions/2/votes/181.json
,,,,,,,,hr6147-115,https://api.propublica.org/congress/v1/115/bills/hr6147.json,Message on Senate action sent to the House.,H.R.6147,C000059,"Making appropriations for the Department of the Interior, environment, and related agencies for the fiscal year ending September 30, 2019, and for other purposes.",Senate,115,2018-08-01,"A bill making appropriations for the Department of the Interior, environment, and related agencies for the fiscal year ending September 30, 2019, and for other purposes.",H001079,,,,,Yes,On Passage of the Bill,Bill Passed,180,2,13:06:00,6,2,0,92,https://api.propublica.org/congress/v1/115/senate/sessions/2/votes/180.json
https://api.propublica.org/congress/v1/115/amendments/samdt3402.json,S.Amdt. 3402 to S.Amdt. 3399,Ted Cruz,C001098,R,Tex.,https://api.propublica.org/congress/v1/members/C001098.json,,hr6147-115,https://api.propublica.org/congress/v1/115/bills/hr6147.json,Message on Senate action sent to the House.,H.R. 6147,C000059,"Making appropriations for the Department of the Interior, environment, and related agencies for the fiscal year ending September 30, 2019, and for other purposes.",Senate,115,2018-08-01,To prohibit the use of funds to carry out the District of Columbia&#39;s health insurance individual mandate.,H001079,,,,,No,On the Motion to Table,Motion to Table Agreed to,179,2,12:39:00,44,2,0,54,https://api.propublica.org/congress/v1/115/senate/sessions/2/votes/179.json
https://api.propublica.org/congress/v1/115/amendments/samdt3524.json,S.Amdt. 3524 to S.Amdt. 3399,Tammy Baldwin,B001230,D,Wis.,https://api.propublica.org/congress/v1/members/B001230.json,,hr6147-115,https://api.propublica.org/congress/v1/115/bills/hr6147.json,Message on Senate action sent to the House.,H.R. 6147,C000059,"Making appropriations for the Department of the Interior, environment, and related agencies for the fiscal year ending September 30, 2019, and for other purposes.",Senate,115,2018-08-01,"To appropriate funds to carry out programs relating to the innovation, process improvement, and marketing of dairy products.",H001079,,,,,Yes,On the Amendment,Amendment Agreed to,178,2,12:15:00,15,2,0,83,https://api.propublica.org/congress/v1/115/senate/sessions/2/votes/178.json
https://api.propublica.org/congress/v1/115/amendments/samdt3522.json,S.Amdt. 3522 to S.Amdt. 3399,Mike Lee,L000577,R,Utah,https://api.propublica.org/congress/v1/members/L000577.json,,hr6147-115,https://api.propublica.org/congress/v1/115/bills/hr6147.json,Message on Senate action sent to the House.,H.R. 6147,C000059,"Making appropriations for the Department of the Interior, environment, and related agencies for the fiscal year ending September 30, 2019, and for other purposes.",Senate,115,2018-08-01,To prohibit the use of funds to enforce standards of identity with respect to certain food.,H001079,,,,,No,On the Amendment,Amendment Rejected,177,2,11:50:00,84,2,0,14,https://api.propublica.org/congress/v1/115/senate/sessions/2/votes/177.json
https://api.propublica.org/congress/v1/115/amendments/samdt3464.json,S.Amdt. 3464 to S.Amdt. 3399,Patrick J. Leahy,L000174,D,Vt.,https://api.propublica.org/congress/v1/members/L000174.json,,hr6147-115,https://api.propublica.org/congress/v1/115/bills/hr6147.json,Message on Senate action sent to the House.,H.R. 6147,C000059,"Making appropriations for the Department of the Interior, environment, and related agencies for the fiscal year ending September 30, 2019, and for other purposes.",Senate,115,2018-08-01,To provide for election security grants.,H001079,,,,,No,On the Amendment,Amendment Rejected,176,2,11:07:00,47,3,0,50,https://api.propublica.org/congress/v1/115/senate/sessions/2/votes/176.json
https://api.propublica.org/congress/v1/115/amendments/samdt3399.json,S.Amdt. 3399,Richard C. Shelby,S000320,R,Ala.,https://api.propublica.org/congress/v1/members/S000320.json,,hr6147-115,https://api.propublica.org/congress/v1/115/bills/hr6147.json,Message on Senate action sent to the House.,H.R. 6147,C000059,"Making appropriations for the Department of the Interior, environment, and related agencies for the fiscal year ending September 30, 2019, and for other purposes.",Senate,115,2018-07-31,In the nature of a substitute.,H001079,,,,,Yes,On the Cloture Motion,Cloture Motion Agreed to,175,2,14:46:00,4,2,0,94,https://api.propublica.org/congress/v1/115/senate/sessions/2/votes/175.json
,,,,,,,,pn1808-115,,,PN1808,,,Senate,115,2018-07-31,"Britt Cagle Grant, of Georgia, to be United States Circuit Judge for the Eleventh Circuit",H001079,The Judiciary,Britt Cagle Grant,PN1808-115,PN1808,Yes,On the Nomination,Nomination Confirmed,174,2,14:16:00,46,2,0,52,https://api.propublica.org/congress/v1/115/senate/sessions/2/votes/174.json
,,,,,,,,s1182-115,https://api.propublica.org/congress/v1/115/bills/s1182.json,Became Public Law No: 115-225.,S.1182,Y000064,A bill to require the Secretary of the Treasury to mint commemorative coins in recognition of the 100th anniversary of The American Legion.,Senate,115,2018-07-31,"An act to extend the National Flood Insurance Program, and for other purposes.",H001079,,,,,Yes,On the Motion,Motion Agreed to,173,2,12:16:00,12,2,0,86,https://api.propublica.org/congress/v1/115/senate/sessions/2/votes/173.json
,,,,,,,,pn1808-115,,,PN1808,,,Senate,115,2018-07-30,"Britt Cagle Grant, of Georgia, to be United States Circuit Judge for the Eleventh Circuit",H001079,The Judiciary,Britt Cagle Grant,PN1808-115,PN1808,Yes,On the Cloture Motion,Cloture Motion Agreed to,172,2,17:32:00,44,4,0,52,https://api.propublica.org/congress/v1/115/senate/sessions/2/votes/172.json
https://api.propublica.org/congress/v1/115/amendments/samdt3543.json,S.Amdt. 3543 to S.Amdt. 3399,Rand Paul,P000603,R,Ky.,https://api.propublica.org/congress/v1/members/P000603.json,,hr6147-115,https://api.propublica.org/congress/v1/115/bills/hr6147.json,Message on Senate action sent to the House.,H.R. 6147,C000059,"Making appropriations for the Department of the Interior, environment, and related agencies for the fiscal year ending September 30, 2019, and for other purposes.",Senate,115,2018-07-25,To reduce the amounts appropriated to comply with the spending limits under the Budget Control Act of 2011.,H001079,,,,,No,On the Amendment,Amendment Rejected,171,2,18:28:00,74,1,0,25,https://api.propublica.org/congress/v1/115/senate/sessions/2/votes/171.json
https://api.propublica.org/congress/v1/115/amendments/samdt3553.json,S.Amdt. 3553 to S.Amdt. 3399,Joe Manchin III,M001183,D,W.Va.,https://api.propublica.org/congress/v1/members/M001183.json,,hr6147-115,https://api.propublica.org/congress/v1/115/bills/hr6147.json,Message on Senate action sent to the House.,H.R. 6147,C000059,"Making appropriations for the Department of the Interior, environment, and related agencies for the fiscal year ending September 30, 2019, and for other purposes.",Senate,115,2018-07-25,To make an amount available for the Office of Terrorism and Financial Intelligence of the Department of the Treasury to investigate the illicit trade of synthetic opioids originating from the ...,H001079,,,,,Yes,On the Amendment,Amendment Agreed to,170,2,17:47:00,0,1,0,99,https://api.propublica.org/congress/v1/115/senate/sessions/2/votes/170.json
https://api.propublica.org/congress/v1/115/amendments/samdt3414.json,S.Amdt. 3414 to S.Amdt. 3399,Tom Udall,U000039,D,N.M.,https://api.propublica.org/congress/v1/members/U000039.json,,hr6147-115,https://api.propublica.org/congress/v1/115/bills/hr6147.json,Message on Senate action sent to the House.,H.R. 6147,C000059,"Making appropriations for the Department of the Interior, environment, and related agencies for the fiscal year ending September 30, 2019, and for other purposes.",Senate,115,2018-07-25,To express the sense of Congress relating to the importance of long-distance passenger rail routes.,H001079,,,,,Yes,On the Amendment,Amendment Agreed to,169,2,14:57:00,4,1,0,95,https://api.propublica.org/congress/v1/115/senate/sessions/2/votes/169.json
https://api.propublica.org/congress/v1/115/amendments/samdt3433.json,S.Amdt. 3433 to S.Amdt. 3399,Jerry Moran,M000934,R,Kan.,https://api.propublica.org/congress/v1/members/M000934.json,,hr6147-115,https://api.propublica.org/congress/v1/115/bills/hr6147.json,Message on Senate action sent to the House.,H.R. 6147,C000059,"Making appropriations for the Department of the Interior, environment, and related agencies for the fiscal year ending September 30, 2019, and for other purposes.",Senate,115,2018-07-25,To prohibit the use of funds to revoke certain exceptions.,H001079,,,,,Yes,On the Amendment,Amendment Agreed to,168,2,14:31:00,0,2,0,98,https://api.propublica.org/congress/v1/115/senate/sessions/2/votes/168.json
https://api.propublica.org/congress/v1/115/amendments/samdt3430.json,S.Amdt. 3430 to S.Amdt. 3399,John Kennedy,K000393,R,La.,https://api.propublica.org/congress/v1/members/K000393.json,,hr6147-115,https://api.propublica.org/congress/v1/115/bills/hr6147.json,Message on Senate action sent to the House.,H.R. 6147,C000059,"Making appropriations for the Department of the Interior, environment, and related agencies for the fiscal year ending September 30, 2019, and for other purposes.",Senate,115,2018-07-24,To provide amounts for inspection of foreign seafood manufacturers and field examinations of imported seafood.,H001079,,,,,Yes,On the Amendment,Amendment Agreed to,167,2,18:46:00,11,2,0,87,https://api.propublica.org/congress/v1/115/senate/sessions/2/votes/167.json
https://api.propublica.org/congress/v1/115/amendments/samdt3407.json,S.Amdt. 3407 to S.Amdt. 3399,Brian Schatz,S001194,D,Hawaii,https://api.propublica.org/congress/v1/members/S001194.json,,hr6147-115,https://api.propublica.org/congress/v1/115/bills/hr6147.json,Message on Senate action sent to the House.,H.R. 6147,C000059,"Making appropriations for the Department of the Interior, environment, and related agencies for the fiscal year ending September 30, 2019, and for other purposes.",Senate,115,2018-07-24,To provide for a report on facilities of the Department of the Interior damaged by certain volcanic eruptions.,H001079,,,,,Yes,On the Amendment,Amendment Agreed to,166,2,18:16:00,1,2,0,97,https://api.propublica.org/congress/v1/115/senate/sessions/2/votes/166.json
https://api.propublica.org/congress/v1/115/amendments/samdt3422.json,S.Amdt. 3422 to S.Amdt. 3399,Richard J. Durbin,D000563,D,Ill.,https://api.propublica.org/congress/v1/members/D000563.json,,hr6147-115,https://api.propublica.org/congress/v1/115/bills/hr6147.json,Message on Senate action sent to the House.,H.R. 6147,C000059,"Making appropriations for the Department of the Interior, environment, and related agencies for the fiscal year ending September 30, 2019, and for other purposes.",Senate,115,2018-07-24,To require the Inspector General to update an audit report concerning on-time performance of Amtrak.,H001079,,,,,Yes,On the Amendment,Amendment Agreed to,165,2,14:46:00,0,1,0,99,https://api.propublica.org/congress/v1/115/senate/sessions/2/votes/165.json
https://api.propublica.org/congress/v1/115/amendments/samdt3405.json,S.Amdt. 3405 to S.Amdt. 3399,Dean Heller,H001041,R,Nev.,https://api.propublica.org/congress/v1/members/H001041.json,,hr6147-115,https://api.propublica.org/congress/v1/115/bills/hr6147.json,Message on Senate action sent to the House.,H.R. 6147,C000059,"Making appropriations for the Department of the Interior, environment, and related agencies for the fiscal year ending September 30, 2019, and for other purposes.",Senate,115,2018-07-24,To increase the amount available for a Community Volunteer Income Tax Assistance matching grants program for tax return preparation assistance.,H001079,,,,,Yes,On the Amendment,Amendment Agreed to,164,2,14:20:00,1,1,0,98,https://api.propublica.org/congress/v1/115/senate/sessions/2/votes/164.json
,,,,,,,,pn2179-115,,,PN2179,,,Senate,115,2018-07-23,"Robert L. Wilkie, of North Carolina, to be Secretary of Veterans Affairs",H001079,Department of Veterans Affairs,Robert L. Wilkie,PN2179-115,PN2179,Yes,On the Nomination,Nomination Confirmed,163,2,17:28:00,9,5,0,86,https://api.propublica.org/congress/v1/115/senate/sessions/2/votes/163.json
,,,,,,,,sres584-115,https://api.propublica.org/congress/v1/115/bills/sres584.json,"Submitted in the Senate, considered, and agreed to without amendment by Yea-Nay Vote. 98 - 0. Record Vote Number: 162. (consideration: CR S5098-5099; text: CR S5110)",S.Res.584,S000148,"A resolution expressing the sense of the Senate against the making available of current and former diplomats, officials, and members of the Armed Forces of the United States for questioning by the government of Vladimir Putin.",Senate,115,2018-07-19,"A resolution expressing the sense of the Senate against the making available of current and former diplomats, officials, and members of the Armed Forces of the United States for questioning ...",H001079,,,,,Yes,On the Resolution,Resolution Agreed to,162,2,14:42:00,0,2,0,98,https://api.propublica.org/congress/v1/115/senate/sessions/2/votes/162.json
,,,,,,,,pn1403-115,,,PN1403,,,Senate,115,2018-07-18,"Ryan Wesley Bounds, of Oregon, to be United States Circuit Judge for the Ninth Circuit",H001079,The Judiciary,Ryan Wesley Bounds,PN1403-115,PN1403,Yes,On the Cloture Motion,Cloture Motion Agreed to,161,2,14:48:00,49,1,0,50,https://api.propublica.org/congress/v1/115/senate/sessions/2/votes/161.json
,,,,,,,,pn1645-115,,,PN1645,,,Senate,115,2018-07-18,"Andrew S. Oldham, of Texas, to be United States Circuit Judge for the Fifth Circuit",H001079,The Judiciary,Andrew S. Oldham,PN1645-115,PN1645,Yes,On the Nomination,Nomination Confirmed,160,2,14:04:00,49,1,0,50,https://api.propublica.org/congress/v1/115/senate/sessions/2/votes/160.json
,,,,,,,,pn1645-115,,,PN1645,,,Senate,115,2018-07-17,"Andrew S. Oldham, of Texas, to be United States Circuit Judge for the Fifth Circuit",H001079,The Judiciary,Andrew S. Oldham,PN1645-115,PN1645,Yes,On the Cloture Motion,Cloture Motion Agreed to,159,2,14:52:00,49,1,0,50,https://api.propublica.org/congress/v1/115/senate/sessions/2/votes/159.json
,,,,,,,,pn1354-115,,,PN1354,,,Senate,115,2018-07-17,"Randal Quarles, of Colorado, to be a Member of the Board of Governors of the Federal Reserve System for a term of fourteen years from February 1, 2018",H001079,Federal Reserve System,Randal Quarles,PN1354-115,PN1354,Yes,On the Nomination,Nomination Confirmed,158,2,14:24:00,33,1,0,66,https://api.propublica.org/congress/v1/115/senate/sessions/2/votes/158.json
,,,,,,,,pn1354-115,,,PN1354,,,Senate,115,2018-07-17,"Randal Quarles, of Colorado, to be a Member of the Board of Governors of the Federal Reserve System for a term of fourteen years from February 1, 2018",H001079,Federal Reserve System,Randal Quarles,PN1354-115,PN1354,Yes,On the Cloture Motion,Cloture Motion Agreed to,157,2,12:27:00,33,1,0,66,https://api.propublica.org/congress/v1/115/senate/sessions/2/votes/157.json
,,,,,,,,pn1391-115,,,PN1391,,,Senate,115,2018-07-17,"James Blew, of California, to be Assistant Secretary for Planning, Evaluation, and Policy Development, Department of Education",H001079,Department of Education,James Blew,PN1391-115,PN1391,Yes,On the Nomination,Nomination Confirmed,156,2,11:45:00,49,1,0,50,https://api.propublica.org/congress/v1/115/senate/sessions/2/votes/156.json
,,,,,,,,pn1955-115,,,PN1955,,,Senate,115,2018-07-16,"Scott Stump, of Colorado, to be Assistant Secretary for Career, Technical, and Adult Education, Department of Education",H001079,Department of Education,Scott Stump,PN1955-115,PN1955,Yes,On the Nomination,Nomination Confirmed,155,2,17:32:00,0,15,0,85,https://api.propublica.org/congress/v1/115/senate/sessions/2/votes/155.json
,,,,,,,,pn1438-115,,,PN1438,,,Senate,115,2018-07-12,"Paul C. Ney, Jr., of Tennessee, to be General Counsel of the Department of Defense",H001079,Department of Defense,Paul C. Ney Jr.,PN1438-115,PN1438,Not Voting,On the Nomination,Nomination Confirmed,154,2,13:30:00,23,7,0,70,https://api.propublica.org/congress/v1/115/senate/sessions/2/votes/154.json
,,,,,,,,pn1438-115,,,PN1438,,,Senate,115,2018-07-11,"Paul C. Ney, Jr., of Tennessee, to be General Counsel of the Department of Defense",H001079,Department of Defense,Paul C. Ney Jr.,PN1438-115,PN1438,Yes,On the Cloture Motion,Cloture Motion Agreed to,153,2,14:25:00,25,1,0,74,https://api.propublica.org/congress/v1/115/senate/sessions/2/votes/153.json
,,,,,,,,pn1402-115,,,PN1402,,,Senate,115,2018-07-11,"Brian Allen Benczkowski, of Virginia, to be an Assistant Attorney General",H001079,Department of Justice,Brian Allen Benczkowski,PN1402-115,PN1402,Yes,On the Nomination,Nomination Confirmed,152,2,13:59:00,48,1,0,51,https://api.propublica.org/congress/v1/115/senate/sessions/2/votes/152.json
,,,,,,,,hr5895-115,https://api.propublica.org/congress/v1/115/bills/hr5895.json,Became Public Law No: 115-244.,H.R.5895,S001148,"Making appropriations for energy and water development and related agencies for the fiscal year ending September 30, 2019, and for other purposes.",Senate,115,2018-07-11,"A bill making appropriations for energy and water development and related agencies for the fiscal year ending September 30, 2019, and for other purposes.",H001079,,,,,No,On the Motion,Motion Agreed to,151,2,12:44:00,11,1,0,88,https://api.propublica.org/congress/v1/115/senate/sessions/2/votes/151.json
,,,,,,,,hr5895-115,https://api.propublica.org/congress/v1/115/bills/hr5895.json,Became Public Law No: 115-244.,H.R.5895,S001148,"Making appropriations for energy and water development and related agencies for the fiscal year ending September 30, 2019, and for other purposes.",Senate,115,2018-07-11,"A bill making appropriations for energy and water development and related agencies for the fiscal year ending September 30, 2019, and for other purposes.",H001079,,,,,Yes,On the Motion,Motion Agreed to,150,2,12:03:00,4,1,0,95,https://api.propublica.org/congress/v1/115/senate/sessions/2/votes/150.json
,,,,,,,,hr5515-115,https://api.propublica.org/congress/v1/115/bills/hr5515.json,Became Public Law No: 115-232.,H.R.5515,T000238,"To authorize appropriations for fiscal year 2019 for military activities of the Department of Defense and for military construction, to prescribe military personnel strengths for such fiscal year, and for other purposes.",Senate,115,2018-07-10,"To authorize appropriations for fiscal year 2019 for military activities of the Department of Defense, for military construction, and for defense activities of the Department of Energy, to prescribe military ...",H001079,,,,,Yes,On the Motion,Motion Agreed to,149,2,17:58:00,2,1,0,97,https://api.propublica.org/congress/v1/115/senate/sessions/2/votes/149.json
,,,,,,,,hr5515-115,https://api.propublica.org/congress/v1/115/bills/hr5515.json,Became Public Law No: 115-232.,H.R.5515,T000238,"To authorize appropriations for fiscal year 2019 for military activities of the Department of Defense and for military construction, to prescribe military personnel strengths for such fiscal year, and for other purposes.",Senate,115,2018-07-10,"To authorize appropriations for fiscal year 2019 for military activities of the Department of Defense, for military construction, and for defense activities of the Department of Energy, to prescribe military ...",H001079,,,,,Yes,On the Motion,Motion Agreed to,148,2,17:38:00,2,1,0,97,https://api.propublica.org/congress/v1/115/senate/sessions/2/votes/148.json
,,,,,,,,hr5515-115,https://api.propublica.org/congress/v1/115/bills/hr5515.json,Became Public Law No: 115-232.,H.R.5515,T000238,"To authorize appropriations for fiscal year 2019 for military activities of the Department of Defense and for military construction, to prescribe military personnel strengths for such fiscal year, and for other purposes.",Senate,115,2018-07-10,"To authorize appropriations for fiscal year 2019 for military activities of the Department of Defense, for military construction, and for defense activities of the Department of Energy, to prescribe military ...",H001079,,,,,Yes,On the Motion,Motion Agreed to,147,2,16:59:00,8,1,0,91,https://api.propublica.org/congress/v1/115/senate/sessions/2/votes/147.json
,,,,,,,,pn1402-115,,,PN1402,,,Senate,115,2018-07-10,"Brian Allen Benczkowski, of Virginia, to be an Assistant Attorney General",H001079,Department of Justice,Brian Allen Benczkowski,PN1402-115,PN1402,Yes,On the Cloture Motion,Cloture Motion Agreed to,146,2,14:45:00,48,1,0,51,https://api.propublica.org/congress/v1/115/senate/sessions/2/votes/146.json
,,,,,,,,pn1642-115,,,PN1642,,,Senate,115,2018-07-10,"Mark Jeremy Bennett, of Hawaii, to be United States Circuit Judge for the Ninth Circuit",H001079,The Judiciary,Mark Jeremy Bennett,PN1642-115,PN1642,Yes,On the Nomination,Nomination Confirmed,145,2,14:15:00,27,1,0,72,https://api.propublica.org/congress/v1/115/senate/sessions/2/votes/145.json
,,,,,,,,pn1642-115,,,PN1642,,,Senate,115,2018-07-09,"Mark Jeremy Bennett, of Hawaii, to be United States Circuit Judge for the Ninth Circuit",H001079,The Judiciary,Mark Jeremy Bennett,PN1642-115,PN1642,Yes,On the Cloture Motion,Cloture Motion Agreed to,144,2,17:33:00,25,3,0,72,https://api.propublica.org/congress/v1/115/senate/sessions/2/votes/144.json
,,,,,,,,hr2-115,https://api.propublica.org/congress/v1/115/bills/hr2.json,Conference held.,H.R.2,C001062,"To provide for the reform and continuation of agricultural and other programs of the Department of Agriculture through fiscal year 2023, and for other purposes.",Senate,115,2018-06-28,"A bill to provide for the reform and continuation of agricultural and other programs of the Department of Agriculture through fiscal year 2023, and for other purposes.",H001079,,,,,Yes,On Passage of the Bill,Bill Passed,143,2,17:27:00,11,3,0,86,https://api.propublica.org/congress/v1/115/senate/sessions/2/votes/143.json
https://api.propublica.org/congress/v1/115/amendments/samdt3074.json,S.Amdt. 3074 to S.Amdt. 3224,Mike Lee,L000577,R,Utah,https://api.propublica.org/congress/v1/members/L000577.json,,hr2-115,https://api.propublica.org/congress/v1/115/bills/hr2.json,Conference held.,H.R. 2,C001062,"To provide for the reform and continuation of agricultural and other programs of the Department of Agriculture through fiscal year 2023, and for other purposes.",Senate,115,2018-06-28,To prohibit certain practices relating to certain commodity promotion programs and require greater transparency by those programs.,H001079,,,,,No,On the Amendment,Amendment Rejected,142,2,16:55:00,57,5,0,38,https://api.propublica.org/congress/v1/115/senate/sessions/2/votes/142.json
https://api.propublica.org/congress/v1/115/amendments/samdt3383.json,S.Amdt. 3383,John Kennedy,K000393,R,La.,https://api.propublica.org/congress/v1/members/K000393.json,,hr2-115,https://api.propublica.org/congress/v1/115/bills/hr2.json,Conference held.,H.R. 2,C001062,"To provide for the reform and continuation of agricultural and other programs of the Department of Agriculture through fiscal year 2023, and for other purposes.",Senate,115,2018-06-28,To provide for certain work requirements for able-bodied adults without dependents and to require State agencies to operate a work activation program for eligible participants in the supplemental nutrition assistance ...,H001079,,,,,No,On the Motion to Table,Motion to Table Agreed to,141,2,14:21:00,30,2,0,68,https://api.propublica.org/congress/v1/115/senate/sessions/2/votes/141.json
,,,,,,,,hr2-115,https://api.propublica.org/congress/v1/115/bills/hr2.json,Conference held.,H.R.2,C001062,"To provide for the reform and continuation of agricultural and other programs of the Department of Agriculture through fiscal year 2023, and for other purposes.",Senate,115,2018-06-25,"A bill to provide for the reform and continuation of agricultural and other programs of the Department of Agriculture through fiscal year 2023, and for other purposes.",H001079,,,,,Yes,On Cloture on the Motion to Proceed,Cloture on the Motion to Proceed Agreed to,140,2,18:05:00,3,8,0,89,https://api.propublica.org/congress/v1/115/senate/sessions/2/votes/140.json
,,,,,,,,hr5895-115,https://api.propublica.org/congress/v1/115/bills/hr5895.json,Became Public Law No: 115-244.,H.R.5895,S001148,"Making appropriations for energy and water development and related agencies for the fiscal year ending September 30, 2019, and for other purposes.",Senate,115,2018-06-25,"A bill making appropriations for energy and water development and related agencies for the fiscal year ending September 30, 2019, and for other purposes.",H001079,,,,,Yes,On Passage of the Bill,Bill Passed,139,2,17:30:00,5,9,0,86,https://api.propublica.org/congress/v1/115/senate/sessions/2/votes/139.json
https://api.propublica.org/congress/v1/115/amendments/samdt3021.json,S.Amdt. 3021 to S.Amdt. 2911,Mike Lee,L000577,R,Utah,https://api.propublica.org/congress/v1/members/L000577.json,,hr5895-115,https://api.propublica.org/congress/v1/115/bills/hr5895.json,Became Public Law No: 115-244.,H.R. 5895,S001148,"Making appropriations for energy and water development and related agencies for the fiscal year ending September 30, 2019, and for other purposes.",Senate,115,2018-06-21,To terminate a rule relating to the definition of &quot;waters of the United States&quot;.,H001079,,,,,No,On the Motion to Table,Motion to Table Agreed to,138,2,10:47:00,34,4,0,62,https://api.propublica.org/congress/v1/115/senate/sessions/2/votes/138.json
https://api.propublica.org/congress/v1/115/amendments/samdt2983.json,S.Amdt. 2983 to S.Amdt. 2910,Michael Bennet,B001267,D,Colo.,https://api.propublica.org/congress/v1/members/B001267.json,,hr5895-115,https://api.propublica.org/congress/v1/115/bills/hr5895.json,Became Public Law No: 115-244.,H.R. 5895,S001148,"Making appropriations for energy and water development and related agencies for the fiscal year ending September 30, 2019, and for other purposes.",Senate,115,2018-06-21,To increase employment for members of the Armed Forces in emerging industries.,H001079,,,,,Yes,On the Amendment,Amendment Agreed to,137,2,10:04:00,0,4,0,96,https://api.propublica.org/congress/v1/115/senate/sessions/2/votes/137.json
https://api.propublica.org/congress/v1/115/amendments/samdt2971.json,S.Amdt. 2971 to S.Amdt. 2910,Jon Tester,T000464,D,Mont.,https://api.propublica.org/congress/v1/members/T000464.json,,hr5895-115,https://api.propublica.org/congress/v1/115/bills/hr5895.json,Became Public Law No: 115-244.,H.R. 5895,S001148,"Making appropriations for energy and water development and related agencies for the fiscal year ending September 30, 2019, and for other purposes.",Senate,115,2018-06-20,To prevent the denial of access to records and documents by various inspectors general.,H001079,,,,,Yes,On the Amendment,Amendment Agreed to,136,2,13:06:00,0,4,0,96,https://api.propublica.org/congress/v1/115/senate/sessions/2/votes/136.json
https://api.propublica.org/congress/v1/115/amendments/samdt2926.json,S.Amdt. 2926 to S.Amdt. 2910,Todd Young,Y000064,R,Ind.,https://api.propublica.org/congress/v1/members/Y000064.json,,hr5895-115,https://api.propublica.org/congress/v1/115/bills/hr5895.json,Became Public Law No: 115-244.,H.R. 5895,S001148,"Making appropriations for energy and water development and related agencies for the fiscal year ending September 30, 2019, and for other purposes.",Senate,115,2018-06-20,To require the Secretary of Veterans Affairs to conduct a study on the effectiveness of the Veterans Crisis Line.,H001079,,,,,Yes,On the Amendment,Amendment Agreed to,135,2,12:39:00,0,4,0,96,https://api.propublica.org/congress/v1/115/senate/sessions/2/votes/135.json
,,,,,,,,hr3-115,https://api.propublica.org/congress/v1/115/bills/hr3.json,Motion to discharge Senate Committees on Appropriations; the Budget rejected by Yea-Nay Vote. 48 - 50. Record Vote Number: 134.,H.R.3,M001165,"To rescind certain budget authority proposed to be rescinded in special messages transmitted to the Congress by the President on May 8, 2018, in accordance with title X of the Congressional Budget and Impoundment Control Act 1974.",Senate,115,2018-06-20,"A bill to rescind certain budget authority proposed to be rescinded in special messages transmitted to the Congress by the President on May 8, 2018, in accordance with title X ...",H001079,,,,,Yes,On the Motion to Discharge,Motion to Discharge Rejected,134,2,08:27:00,50,2,0,48,https://api.propublica.org/congress/v1/115/senate/sessions/2/votes/134.json
https://api.propublica.org/congress/v1/115/amendments/samdt2985.json,S.Amdt. 2985 to S.Amdt. 2910,Tammy Baldwin,B001230,D,Wis.,https://api.propublica.org/congress/v1/members/B001230.json,,hr5895-115,https://api.propublica.org/congress/v1/115/bills/hr5895.json,Became Public Law No: 115-244.,H.R. 5895,S001148,"Making appropriations for energy and water development and related agencies for the fiscal year ending September 30, 2019, and for other purposes.",Senate,115,2018-06-20,To set aside funds for cooperative agreements and laboratory support to accelerate the domestic production of Molybdenum-99.,H001079,,,,,Yes,On the Amendment,Amendment Agreed to,133,2,06:47:00,2,3,0,95,https://api.propublica.org/congress/v1/115/senate/sessions/2/votes/133.json
https://api.propublica.org/congress/v1/115/amendments/samdt2943.json,S.Amdt. 2943 to S.Amdt. 2910,Michael D. Crapo,C000880,R,Idaho,https://api.propublica.org/congress/v1/members/C000880.json,,hr5895-115,https://api.propublica.org/congress/v1/115/bills/hr5895.json,Became Public Law No: 115-244.,H.R. 5895,S001148,"Making appropriations for energy and water development and related agencies for the fiscal year ending September 30, 2019, and for other purposes.",Senate,115,2018-06-20,To increase funds for a nuclear demonstration program.,H001079,,,,,Yes,On the Amendment,Amendment Agreed to,132,2,06:09:00,9,4,0,87,https://api.propublica.org/congress/v1/115/senate/sessions/2/votes/132.json
https://api.propublica.org/congress/v1/115/amendments/samdt2920.json,S.Amdt. 2920 to S.Amdt. 2910,Thomas R. Carper,C000174,D,Del.,https://api.propublica.org/congress/v1/members/C000174.json,,hr5895-115,https://api.propublica.org/congress/v1/115/bills/hr5895.json,Became Public Law No: 115-244.,H.R. 5895,S001148,"Making appropriations for energy and water development and related agencies for the fiscal year ending September 30, 2019, and for other purposes.",Senate,115,2018-06-19,To direct the Secretary of the Army to submit a report on the status of returning to non-Federal project sponsors excess non-Federal funds.,H001079,,,,,Yes,On the Amendment,Amendment Agreed to,131,2,10:56:00,0,4,0,96,https://api.propublica.org/congress/v1/115/senate/sessions/2/votes/131.json
https://api.propublica.org/congress/v1/115/amendments/samdt2914.json,S.Amdt. 2914 to S.Amdt. 2910,Cory Gardner,G000562,R,Colo.,https://api.propublica.org/congress/v1/members/G000562.json,,hr5895-115,https://api.propublica.org/congress/v1/115/bills/hr5895.json,Became Public Law No: 115-244.,H.R. 5895,S001148,"Making appropriations for energy and water development and related agencies for the fiscal year ending September 30, 2019, and for other purposes.",Senate,115,2018-06-19,To express the sense of the Senate regarding the need for funding for innovative scientific research.,H001079,,,,,Yes,On the Amendment,Amendment Agreed to,130,2,10:25:00,3,4,0,93,https://api.propublica.org/congress/v1/115/senate/sessions/2/votes/130.json
,,,,,,,,hr5895-115,https://api.propublica.org/congress/v1/115/bills/hr5895.json,Became Public Law No: 115-244.,H.R.5895,S001148,"Making appropriations for energy and water development and related agencies for the fiscal year ending September 30, 2019, and for other purposes.",Senate,115,2018-06-18,"A bill making appropriations for energy and water development and related agencies for the fiscal year ending September 30, 2019, and for other purposes.",H001079,,,,,Yes,On Cloture on the Motion to Proceed,Cloture on the Motion to Proceed Agreed to,129,2,14:26:00,3,5,0,92,https://api.propublica.org/congress/v1/115/senate/sessions/2/votes/129.json
,,,,,,,,hr5515-115,https://api.propublica.org/congress/v1/115/bills/hr5515.json,Became Public Law No: 115-232.,H.R.5515,T000238,"To authorize appropriations for fiscal year 2019 for military activities of the Department of Defense and for military construction, to prescribe military personnel strengths for such fiscal year, and for other purposes.",Senate,115,2018-06-18,"To authorize appropriations for fiscal year 2019 for military activities of the Department of Defense, for military construction, and for defense activities of the Department of Energy, to prescribe military ...",H001079,,,,,Yes,On Passage of the Bill,Bill Passed,128,2,14:06:00,10,5,0,85,https://api.propublica.org/congress/v1/115/senate/sessions/2/votes/128.json
https://api.propublica.org/congress/v1/115/amendments/samdt2282.json,S.Amdt. 2282,James M. Inhofe,I000024,R,Okla.,https://api.propublica.org/congress/v1/members/I000024.json,,hr5515-115,https://api.propublica.org/congress/v1/115/bills/hr5515.json,Became Public Law No: 115-232.,H.R. 5515,T000238,"To authorize appropriations for fiscal year 2019 for military activities of the Department of Defense and for military construction, to prescribe military personnel strengths for such fiscal year, and for other purposes.",Senate,115,2018-06-18,In the nature of a substitute.,H001079,,,,,Yes,On the Motion,Motion Agreed to,127,2,13:32:00,14,5,0,81,https://api.propublica.org/congress/v1/115/senate/sessions/2/votes/127.json
,,,,,,,,hr5515-115,https://api.propublica.org/congress/v1/115/bills/hr5515.json,Became Public Law No: 115-232.,H.R.5515,T000238,"To authorize appropriations for fiscal year 2019 for military activities of the Department of Defense and for military construction, to prescribe military personnel strengths for such fiscal year, and for other purposes.",Senate,115,2018-06-14,"To authorize appropriations for fiscal year 2019 for military activities of the Department of Defense, for military construction, and for defense activities of the Department of Energy, to prescribe military ...",H001079,,,,,Yes,On the Cloture Motion,Cloture Motion Agreed to,126,2,10:13:00,15,4,0,81,https://api.propublica.org/congress/v1/115/senate/sessions/2/votes/126.json
https://api.propublica.org/congress/v1/115/amendments/samdt2885.json,S.Amdt. 2885 to S.Amdt. 2276,Jack Reed,R000122,D,R.I.,https://api.propublica.org/congress/v1/members/R000122.json,,hr5515-115,https://api.propublica.org/congress/v1/115/bills/hr5515.json,Became Public Law No: 115-232.,H.R. 5515,T000238,"To authorize appropriations for fiscal year 2019 for military activities of the Department of Defense and for military construction, to prescribe military personnel strengths for such fiscal year, and for other purposes.",Senate,115,2018-06-14,To improve the amendment.,H001079,,,,,Yes,On the Amendment,Amendment Agreed to,125,2,09:49:00,0,3,0,97,https://api.propublica.org/congress/v1/115/senate/sessions/2/votes/125.json
https://api.propublica.org/congress/v1/115/amendments/samdt2282.json,S.Amdt. 2282,James M. Inhofe,I000024,R,Okla.,https://api.propublica.org/congress/v1/members/I000024.json,,hr5515-115,https://api.propublica.org/congress/v1/115/bills/hr5515.json,Became Public Law No: 115-232.,H.R. 5515,T000238,"To authorize appropriations for fiscal year 2019 for military activities of the Department of Defense and for military construction, to prescribe military personnel strengths for such fiscal year, and for other purposes.",Senate,115,2018-06-14,In the nature of a substitute.,H001079,,,,,Yes,On the Cloture Motion,Cloture Motion Agreed to,124,2,07:15:00,14,3,0,83,https://api.propublica.org/congress/v1/115/senate/sessions/2/votes/124.json
https://api.propublica.org/congress/v1/115/amendments/samdt2700.json,S.Amdt. 2700 to S.Amdt. 2282,Patrick J. Toomey,T000461,R,Pa.,https://api.propublica.org/congress/v1/members/T000461.json,,hr5515-115,https://api.propublica.org/congress/v1/115/bills/hr5515.json,Became Public Law No: 115-232.,H.R. 5515,T000238,"To authorize appropriations for fiscal year 2019 for military activities of the Department of Defense and for military construction, to prescribe military personnel strengths for such fiscal year, and for other purposes.",Senate,115,2018-06-14,To require congressional review of certain regulations issued by the Committee on Foreign Investment in the United States.,H001079,,,,,Yes,On the Cloture Motion,Cloture Motion Rejected,123,2,06:40:00,62,3,0,35,https://api.propublica.org/congress/v1/115/senate/sessions/2/votes/123.json
https://api.propublica.org/congress/v1/115/amendments/samdt2366.json,S.Amdt. 2366,Mike Lee,L000577,R,Utah,https://api.propublica.org/congress/v1/members/L000577.json,,hr5515-115,https://api.propublica.org/congress/v1/115/bills/hr5515.json,Became Public Law No: 115-232.,H.R. 5515,T000238,"To authorize appropriations for fiscal year 2019 for military activities of the Department of Defense and for military construction, to prescribe military personnel strengths for such fiscal year, and for other purposes.",Senate,115,2018-06-13,"To clarify that an authorization to use military force, a declaration of war, or any similar authority does not authorize the detention without charge or trial of a citizen or ...",H001079,,,,,Yes,On the Motion to Table,Motion to Table Failed,122,2,11:04:00,68,2,0,30,https://api.propublica.org/congress/v1/115/senate/sessions/2/votes/122.json
https://api.propublica.org/congress/v1/115/amendments/samdt2842.json,S.Amdt. 2842 to S.Amdt. 2366,Jack Reed,R000122,D,R.I.,https://api.propublica.org/congress/v1/members/R000122.json,,hr5515-115,https://api.propublica.org/congress/v1/115/bills/hr5515.json,Became Public Law No: 115-232.,H.R. 5515,T000238,"To authorize appropriations for fiscal year 2019 for military activities of the Department of Defense and for military construction, to prescribe military personnel strengths for such fiscal year, and for other purposes.",Senate,115,2018-06-13,To require the authorization of appropriation of amounts for the development of new or modified nuclear weapons.,H001079,,,,,Yes,On the Motion to Table,Motion to Table Failed,121,2,10:36:00,51,2,0,47,https://api.propublica.org/congress/v1/115/senate/sessions/2/votes/121.json
,,,,,,,,hr5515-115,https://api.propublica.org/congress/v1/115/bills/hr5515.json,Became Public Law No: 115-232.,H.R.5515,T000238,"To authorize appropriations for fiscal year 2019 for military activities of the Department of Defense and for military construction, to prescribe military personnel strengths for such fiscal year, and for other purposes.",Senate,115,2018-06-11,"To authorize appropriations for fiscal year 2019 for military activities of the Department of Defense, for military construction, and for defense activities of the Department of Energy, to prescribe military ...",H001079,,,,,Yes,On the Motion to Proceed,Motion to Proceed Agreed to,120,2,13:31:00,4,5,0,91,https://api.propublica.org/congress/v1/115/senate/sessions/2/votes/120.json
,,,,,,,,hr5515-115,https://api.propublica.org/congress/v1/115/bills/hr5515.json,Became Public Law No: 115-232.,H.R.5515,T000238,"To authorize appropriations for fiscal year 2019 for military activities of the Department of Defense and for military construction, to prescribe military personnel strengths for such fiscal year, and for other purposes.",Senate,115,2018-06-07,"To authorize appropriations for fiscal year 2019 for military activities of the Department of Defense, for military construction, and for defense activities of the Department of Energy, to prescribe military ...",H001079,,,,,Yes,On the Cloture Motion,Cloture Motion Agreed to,119,2,13:45:00,4,4,0,92,https://api.propublica.org/congress/v1/115/senate/sessions/2/votes/119.json
,,,,,,,,pn1393-115,,,PN1393,,,Senate,115,2018-06-07,"Kenneth L. Marcus, of Virginia, to be Assistant Secretary for Civil Rights, Department of Education",H001079,Department of Education,Kenneth L. Marcus,PN1393-115,PN1393,Yes,On the Nomination,Nomination Confirmed,118,2,12:30:00,46,4,0,50,https://api.propublica.org/congress/v1/115/senate/sessions/2/votes/118.json
,,,,,,,,pn1400-115,,,PN1400,,,Senate,115,2018-06-06,"Annemarie Carney Axon, of Alabama, to be United States District Judge for the Northern District of Alabama",H001079,The Judiciary,Annemarie Carney Axon,PN1400-115,PN1400,Yes,On the Nomination,Nomination Confirmed,117,2,11:06:00,11,6,0,83,https://api.propublica.org/congress/v1/115/senate/sessions/2/votes/117.json
,,,,,,,,pn1400-115,,,PN1400,,,Senate,115,2018-06-05,"Annemarie Carney Axon, of Alabama, to be United States District Judge for the Northern District of Alabama",H001079,The Judiciary,Annemarie Carney Axon,PN1400-115,PN1400,Yes,On the Cloture Motion,Cloture Motion Agreed to,116,2,14:45:00,11,5,0,84,https://api.propublica.org/congress/v1/115/senate/sessions/2/votes/116.json
,,,,,,,,pn991-115,,,PN991,,,Senate,115,2018-06-05,"Fernando Rodriguez, Jr., of Texas, to be United States District Judge for the Southern District of Texas",H001079,The Judiciary,Fernando Rodriguez Jr.,PN991-115,PN991,Yes,On the Nomination,Nomination Confirmed,115,2,14:15:00,0,4,0,96,https://api.propublica.org/congress/v1/115/senate/sessions/2/votes/115.json
,,,,,,,,pn991-115,,,PN991,,,Senate,115,2018-06-05,"Fernando Rodriguez, Jr., of Texas, to be United States District Judge for the Southern District of Texas",H001079,The Judiciary,Fernando Rodriguez Jr.,PN991-115,PN991,Yes,On the Cloture Motion,Cloture Motion Agreed to,114,2,11:36:00,1,5,0,94,https://api.propublica.org/congress/v1/115/senate/sessions/2/votes/114.json
,,,,,,,,pn886-115,,,PN886,,,Senate,115,2018-06-05,"Robert Earl Wier, of Kentucky, to be United States District Judge for the Eastern District of Kentucky",H001079,The Judiciary,Robert Earl Wier,PN886-115,PN886,Yes,On the Nomination,Nomination Confirmed,113,2,11:01:00,0,5,0,95,https://api.propublica.org/congress/v1/115/senate/sessions/2/votes/113.json
,,,,,,,,pn886-115,,,PN886,,,Senate,115,2018-06-04,"Robert Earl Wier, of Kentucky, to be United States District Judge for the Eastern District of Kentucky",H001079,The Judiciary,Robert Earl Wier,PN886-115,PN886,Yes,On the Cloture Motion,Cloture Motion Agreed to,112,2,17:33:00,1,9,0,90,https://api.propublica.org/congress/v1/115/senate/sessions/2/votes/112.json
,,,,,,,,pn1382-115,,,PN1382,,,Senate,115,2018-05-24,"James Randolph Evans, of Georgia, to be Ambassador to Luxembourg",H001079,Department of State,James Randolph Evans,PN1382-115,PN1382,Yes,On the Nomination,Nomination Confirmed,111,2,13:45:00,43,9,0,48,https://api.propublica.org/congress/v1/115/senate/sessions/2/votes/111.json
,,,,,,,,pn1382-115,,,PN1382,,,Senate,115,2018-05-24,"James Randolph Evans, of Georgia, to be Ambassador to Luxembourg",H001079,Department of State,James Randolph Evans,PN1382-115,PN1382,Yes,On the Cloture Motion,Cloture Motion Agreed to,110,2,12:47:00,44,7,0,49,https://api.propublica.org/congress/v1/115/senate/sessions/2/votes/110.json
,,,,,,,,pn1351-115,,,PN1351,,,Senate,115,2018-05-24,"Jelena McWilliams, of Ohio, to be Chairperson of the Board of Directors of the Federal Deposit Insurance Corporation for a term of five years",H001079,Federal Deposit Insurance Corporation,Jelena McWilliams,PN1351-115,PN1351,Yes,On the Nomination,Nomination Confirmed,109,2,12:01:00,24,7,0,69,https://api.propublica.org/congress/v1/115/senate/sessions/2/votes/109.json
,,,,,,,,pn1516-115,,,PN1516,,,Senate,115,2018-05-23,"Jelena McWilliams, of Ohio, to be a Member of the Board of Directors of the Federal Deposit Insurance Corporation for a term of six years",H001079,Federal Deposit Insurance Corporation,Jelena McWilliams,PN1516-115,PN1516,Yes,On the Cloture Motion,Cloture Motion Agreed to,108,2,16:25:00,23,4,0,73,https://api.propublica.org/congress/v1/115/senate/sessions/2/votes/108.json
,,,,,,,,pn1351-115,,,PN1351,,,Senate,115,2018-05-23,"Jelena McWilliams, of Ohio, to be Chairperson of the Board of Directors of the Federal Deposit Insurance Corporation for a term of five years",H001079,Federal Deposit Insurance Corporation,Jelena McWilliams,PN1351-115,PN1351,Yes,On the Cloture Motion,Cloture Motion Agreed to,107,2,16:09:00,25,3,0,72,https://api.propublica.org/congress/v1/115/senate/sessions/2/votes/107.json
,,,,,,,,s2372-115,https://api.propublica.org/congress/v1/115/bills/s2372.json,Became Public Law No: 115-182.,S.2372,I000055,"A bill to amend title 38, United States Code, to provide outer burial receptacles for remains buried in National Parks, and for other purposes.",Senate,115,2018-05-23,"A bill to amend title 38, United States Code, to provide outer burial receptacles for remains buried in National Parks, and for other purposes.",H001079,,,,,Yes,On the Motion,Motion Agreed to,106,2,15:51:00,5,3,0,92,https://api.propublica.org/congress/v1/115/senate/sessions/2/votes/106.json
,,,,,,,,pn1352-115,,,PN1352,,,Senate,115,2018-05-23,"Brian D. Montgomery, of Texas, to be an Assistant Secretary of Housing and Urban Development",H001079,Department of Housing and Urban Development,Brian D. Montgomery,PN1352-115,PN1352,Yes,On the Nomination,Nomination Confirmed,105,2,15:15:00,23,3,0,74,https://api.propublica.org/congress/v1/115/senate/sessions/2/votes/105.json
,,,,,,,,s2372-115,https://api.propublica.org/congress/v1/115/bills/s2372.json,Became Public Law No: 115-182.,S.2372,I000055,"A bill to amend title 38, United States Code, to provide outer burial receptacles for remains buried in National Parks, and for other purposes.",Senate,115,2018-05-22,"A bill to amend title 38, United States Code, to provide outer burial receptacles for remains buried in National Parks, and for other purposes.",H001079,,,,,Yes,On the Cloture Motion,Cloture Motion Agreed to,104,2,12:38:00,4,5,0,91,https://api.propublica.org/congress/v1/115/senate/sessions/2/votes/104.json
,,,,,,,,pn1358-115,,,PN1358,,,Senate,115,2018-05-22,"Dana Baiocco, of Ohio, to be a Commissioner of the Consumer Product Safety Commission for a term of seven years from October 27, 2017",H001079,Consumer Product Safety Commission,Dana Baiocco,PN1358-115,PN1358,Yes,On the Nomination,Nomination Confirmed,103,2,12:06:00,45,5,0,50,https://api.propublica.org/congress/v1/115/senate/sessions/2/votes/103.json
,,,,,,,,pn1358-115,,,PN1358,,,Senate,115,2018-05-21,"Dana Baiocco, of Ohio, to be a Commissioner of the Consumer Product Safety Commission for a term of seven years from October 27, 2017",H001079,Consumer Product Safety Commission,Dana Baiocco,PN1358-115,PN1358,Yes,On the Cloture Motion,Cloture Motion Agreed to,102,2,17:31:00,45,6,0,49,https://api.propublica.org/congress/v1/115/senate/sessions/2/votes/102.json
,,,,,,,,pn1857-115,,,PN1857,,,Senate,115,2018-05-17,"Gina Haspel, of Kentucky, to be Director of the Central Intelligence Agency",H001079,Central Intelligence Agency,Gina Haspel,PN1857-115,PN1857,Yes,On the Nomination,Nomination Confirmed,101,2,15:23:00,45,1,0,54,https://api.propublica.org/congress/v1/115/senate/sessions/2/votes/101.json
,,,,,,,,pn1857-115,,,PN1857,,,Senate,115,2018-05-17,"Gina Haspel, of Kentucky, to be Director of the Central Intelligence Agency",H001079,Central Intelligence Agency,Gina Haspel,PN1857-115,PN1857,Yes,On the Cloture Motion,Cloture Motion Agreed to,100,2,14:56:00,44,2,0,54,https://api.propublica.org/congress/v1/115/senate/sessions/2/votes/100.json
,,,,,,,,sconres36-115,https://api.propublica.org/congress/v1/115/bills/sconres36.json,Motion to proceed to consideration of measure rejected in Senate by Yea-Nay Vote. 21 - 76. Record Vote Number: 99.,S.Con.Res.36,P000603,A concurrent resolution setting forth the congressional budget for the United States Government for fiscal year 2019 and setting forth the appropriate budgetary levels for fiscal years 2020 through 2028.,Senate,115,2018-05-17,A concurrent resolution setting forth the congressional budget for the United States Government for fiscal year 2019 and setting forth the appropriate budgetary levels for fiscal years 2020 through 2028.,H001079,,,,,No,On the Motion to Proceed,Motion to Proceed Rejected,99,2,11:30:00,76,3,0,21,https://api.propublica.org/congress/v1/115/senate/sessions/2/votes/99.json
,,,,,,,,pn1397-115,,,PN1397,,,Senate,115,2018-05-16,"Mitchell Zais, of South Carolina, to be Deputy Secretary of Education",H001079,Department of Education,Mitchell Zais,PN1397-115,PN1397,Yes,On the Nomination,Nomination Confirmed,98,2,15:55:00,48,2,0,50,https://api.propublica.org/congress/v1/115/senate/sessions/2/votes/98.json
,,,,,,,,sjres52-115,https://api.propublica.org/congress/v1/115/bills/sjres52.json,Held at the desk.,S.J.Res.52,M000133,"A joint resolution providing for congressional disapproval under chapter 8 of title 5, United States Code, of the rule submitted by the Federal Communications Commission relating to &quot;Restoring Internet Freedom&quot;.",Senate,115,2018-05-16,"A joint resolution providing for congressional disapproval under chapter 8 of title 5, United States Code, of the rule submitted by the Federal Communications Commission relating to &quot;Restoring Internet Freedom&quot;.",H001079,,,,,No,On the Joint Resolution,Joint Resolution Passed,97,2,15:21:00,47,1,0,52,https://api.propublica.org/congress/v1/115/senate/sessions/2/votes/97.json
,,,,,,,,sjres52-115,https://api.propublica.org/congress/v1/115/bills/sjres52.json,Held at the desk.,S.J.Res.52,M000133,"A joint resolution providing for congressional disapproval under chapter 8 of title 5, United States Code, of the rule submitted by the Federal Communications Commission relating to &quot;Restoring Internet Freedom&quot;.",Senate,115,2018-05-16,"A joint resolution providing for congressional disapproval under chapter 8 of title 5, United States Code, of the rule submitted by the Federal Communications Commission relating to &quot;Restoring Internet Freedom&quot;.",H001079,,,,,No,On the Motion to Proceed,Motion to Proceed Agreed to,96,2,12:02:00,47,1,0,52,https://api.propublica.org/congress/v1/115/senate/sessions/2/votes/96.json
,,,,,,,,pn1526-115,,,PN1526,,,Senate,115,2018-05-15,"John B. Nalbandian, of Kentucky, to be United States Circuit Judge for the Sixth Circuit",H001079,The Judiciary,John B. Nalbandian,PN1526-115,PN1526,Yes,On the Nomination,Nomination Confirmed,95,2,12:34:00,45,2,0,53,https://api.propublica.org/congress/v1/115/senate/sessions/2/votes/95.json
,,,,,,,,pn1330-115,,,PN1330,,,Senate,115,2018-05-15,"Joel M. Carson III, of New Mexico, to be United States Circuit Judge for the Tenth Circuit",H001079,The Judiciary,Joel M. Carson III,PN1330-115,PN1330,Yes,On the Nomination,Nomination Confirmed,94,2,12:00:00,21,2,0,77,https://api.propublica.org/congress/v1/115/senate/sessions/2/votes/94.json
,,,,,,,,pn1648-115,,,PN1648,,,Senate,115,2018-05-14,"Amy J. St. Eve, of Illinois, to be United States Circuit Judge for the Seventh Circuit",H001079,The Judiciary,Amy J. St. Eve,PN1648-115,PN1648,Yes,On the Nomination,Nomination Confirmed,93,2,18:07:00,0,9,0,91,https://api.propublica.org/congress/v1/115/senate/sessions/2/votes/93.json
,,,,,,,,pn1647-115,,,PN1647,,,Senate,115,2018-05-14,"Michael Y. Scudder, of Illinois, to be United States Circuit Judge for the Seventh Circuit",H001079,The Judiciary,Michael Y. Scudder,PN1647-115,PN1647,Yes,On the Nomination,Nomination Confirmed,92,2,17:32:00,0,10,0,90,https://api.propublica.org/congress/v1/115/senate/sessions/2/votes/92.json
,,,,,,,,pn1526-115,,,PN1526,,,Senate,115,2018-05-10,"John B. Nalbandian, of Kentucky, to be United States Circuit Judge for the Sixth Circuit",H001079,The Judiciary,John B. Nalbandian,PN1526-115,PN1526,Yes,On the Cloture Motion,Cloture Motion Agreed to,91,2,13:46:00,43,5,0,52,https://api.propublica.org/congress/v1/115/senate/sessions/2/votes/91.json
,,,,,,,,pn1330-115,,,PN1330,,,Senate,115,2018-05-10,"Joel M. Carson III, of New Mexico, to be United States Circuit Judge for the Tenth Circuit",H001079,The Judiciary,Joel M. Carson III,PN1330-115,PN1330,Yes,On the Cloture Motion,Cloture Motion Agreed to,90,2,12:42:00,24,5,0,71,https://api.propublica.org/congress/v1/115/senate/sessions/2/votes/90.json
,,,,,,,,pn1405-115,,,PN1405,,,Senate,115,2018-05-10,"Michael B. Brennan, of Wisconsin, to be United States Circuit Judge for the Seventh Circuit",H001079,The Judiciary,Michael B. Brennan,PN1405-115,PN1405,Yes,On the Nomination,Nomination Confirmed,89,2,12:01:00,46,5,0,49,https://api.propublica.org/congress/v1/115/senate/sessions/2/votes/89.json
,,,,,,,,pn1405-115,,,PN1405,,,Senate,115,2018-05-09,"Michael B. Brennan, of Wisconsin, to be United States Circuit Judge for the Seventh Circuit",H001079,The Judiciary,Michael B. Brennan,PN1405-115,PN1405,Yes,On the Cloture Motion,Cloture Motion Agreed to,88,2,12:37:00,47,4,0,49,https://api.propublica.org/congress/v1/115/senate/sessions/2/votes/88.json
,,,,,,,,pn1411-115,,,PN1411,,,Senate,115,2018-05-09,"Kurt D. Engelhardt, of Louisiana, to be United States Circuit Judge for the Fifth Circuit",H001079,The Judiciary,Kurt D. Engelhardt,PN1411-115,PN1411,Yes,On the Nomination,Nomination Confirmed,87,2,12:01:00,34,4,0,62,https://api.propublica.org/congress/v1/115/senate/sessions/2/votes/87.json
,,,,,,,,pn1411-115,,,PN1411,,,Senate,115,2018-05-07,"Kurt D. Engelhardt, of Louisiana, to be United States Circuit Judge for the Fifth Circuit",H001079,The Judiciary,Kurt D. Engelhardt,PN1411-115,PN1411,Yes,On the Cloture Motion,Cloture Motion Agreed to,86,2,17:31:00,31,5,0,64,https://api.propublica.org/congress/v1/115/senate/sessions/2/votes/86.json
,,,,,,,,pn1383-115,,,PN1383,,,Senate,115,2018-04-26,"Richard Grenell, of California, to be Ambassador to the Federal Republic of Germany",H001079,Department of State,Richard Grenell,PN1383-115,PN1383,Yes,On the Nomination,Nomination Confirmed,85,2,13:45:00,42,2,0,56,https://api.propublica.org/congress/v1/115/senate/sessions/2/votes/85.json
,,,,,,,,pn1761-115,,,PN1761,,,Senate,115,2018-04-26,"Mike Pompeo, of Kansas, to be Secretary of State",H001079,Department of State,Mike Pompeo,PN1761-115,PN1761,Yes,On the Nomination,Nomination Confirmed,84,2,12:34:00,42,1,0,57,https://api.propublica.org/congress/v1/115/senate/sessions/2/votes/84.json
,,,,,,,,pn1761-115,,,PN1761,,,Senate,115,2018-04-26,"Mike Pompeo, of Kansas, to be Secretary of State",H001079,Department of State,Mike Pompeo,PN1761-115,PN1761,Yes,On the Cloture Motion,Cloture Motion Agreed to,83,2,12:04:00,42,1,0,57,https://api.propublica.org/congress/v1/115/senate/sessions/2/votes/83.json
,,,,,,,,pn1410-115,,,PN1410,,,Senate,115,2018-04-24,"Stuart Kyle Duncan, of Louisiana, to be United States Circuit Judge for the Fifth Circuit",H001079,The Judiciary,Stuart Kyle Duncan,PN1410-115,PN1410,Yes,On the Nomination,Nomination Confirmed,82,2,15:01:00,47,3,0,50,https://api.propublica.org/congress/v1/115/senate/sessions/2/votes/82.json
,,,,,,,,pn1410-115,,,PN1410,,,Senate,115,2018-04-23,"Stuart Kyle Duncan, of Louisiana, to be United States Circuit Judge for the Fifth Circuit",H001079,The Judiciary,Stuart Kyle Duncan,PN1410-115,PN1410,Yes,On the Cloture Motion,Cloture Motion Agreed to,81,2,17:30:00,44,6,0,50,https://api.propublica.org/congress/v1/115/senate/sessions/2/votes/81.json
,,,,,,,,pn1359-115,,,PN1359,,,Senate,115,2018-04-19,"James Bridenstine, of Oklahoma, to be Administrator of the National Aeronautics and Space Administration",H001079,National Aeronautics and Space Administration,James Bridenstine,PN1359-115,PN1359,Yes,On the Nomination,Nomination Confirmed,80,2,13:46:00,49,1,0,50,https://api.propublica.org/congress/v1/115/senate/sessions/2/votes/80.json
,,,,,,,,pn568-115,,,PN568,,,Senate,115,2018-04-18,"Carlos G. Muniz, of Florida, to be General Counsel, Department of Education",H001079,Department of Education,Carlos G. Muniz,PN568-115,PN568,Yes,On the Nomination,Nomination Confirmed,79,2,16:30:00,43,2,0,55,https://api.propublica.org/congress/v1/115/senate/sessions/2/votes/79.json
,,,,,,,,pn1359-115,,,PN1359,,,Senate,115,2018-04-18,"James Bridenstine, of Oklahoma, to be Administrator of the National Aeronautics and Space Administration",H001079,National Aeronautics and Space Administration,James Bridenstine,PN1359-115,PN1359,Yes,On the Cloture Motion,Cloture Motion Agreed to,78,2,13:07:00,48,2,0,50,https://api.propublica.org/congress/v1/115/senate/sessions/2/votes/78.json
,,,,,,,,s140-115,https://api.propublica.org/congress/v1/115/bills/s140.json,Motion by Senator McConnell to reconsider the vote by which cloture on the motion to concur in the House amendment to S. 140 with an amendment (SA 2232) was not invoked (Record Vote No. 77) entered in Senate. (CR S2240),S.140,F000444,A bill to amend the White Mountain Apache Tribe Water Rights Quantification Act of 2010 to clarify the use of amounts in the WMAT Settlement Fund.,Senate,115,2018-04-18,A bill to amend the White Mountain Apache Tribe Water Rights Quantification Act of 2010 to clarify the use of amounts in the WMAT Settlement Fund.,H001079,,,,,Yes,On the Cloture Motion,Cloture Motion Rejected,77,2,12:39:00,42,2,0,56,https://api.propublica.org/congress/v1/115/senate/sessions/2/votes/77.json
,,,,,,,,sjres57-115,https://api.propublica.org/congress/v1/115/bills/sjres57.json,Became Public Law No: 115-172.,S.J.Res.57,M000934,"A joint resolution providing for congressional disapproval under chapter 8 of title 5, United States Code, of the rule submitted by Bureau of Consumer Financial Protection relating to &quot;Indirect Auto Lending and Compliance with the Equal Credit Opportunity Act&quot;.",Senate,115,2018-04-18,"A joint resolution providing for congressional disapproval under chapter 8 of title 5, United States Code, of the rule submitted by Bureau of Consumer Financial Protection relating to &quot;Indirect Auto ...",H001079,,,,,Yes,On the Joint Resolution,Joint Resolution Passed,76,2,12:01:00,47,2,0,51,https://api.propublica.org/congress/v1/115/senate/sessions/2/votes/76.json
,,,,,,,,sjres57-115,https://api.propublica.org/congress/v1/115/bills/sjres57.json,Became Public Law No: 115-172.,S.J.Res.57,M000934,"A joint resolution providing for congressional disapproval under chapter 8 of title 5, United States Code, of the rule submitted by Bureau of Consumer Financial Protection relating to &quot;Indirect Auto Lending and Compliance with the Equal Credit Opportunity Act&quot;.",Senate,115,2018-04-17,"A joint resolution providing for congressional disapproval under chapter 8 of title 5, United States Code, of the rule submitted by Bureau of Consumer Financial Protection relating to &quot;Indirect Auto ...",H001079,,,,,Yes,On the Motion to Proceed,Motion to Proceed Agreed to,75,2,14:15:00,47,3,0,50,https://api.propublica.org/congress/v1/115/senate/sessions/2/votes/75.json
,,,,,,,,s140-115,https://api.propublica.org/congress/v1/115/bills/s140.json,Motion by Senator McConnell to reconsider the vote by which cloture on the motion to concur in the House amendment to S. 140 with an amendment (SA 2232) was not invoked (Record Vote No. 77) entered in Senate. (CR S2240),S.140,F000444,A bill to amend the White Mountain Apache Tribe Water Rights Quantification Act of 2010 to clarify the use of amounts in the WMAT Settlement Fund.,Senate,115,2018-04-16,A bill to amend the White Mountain Apache Tribe Water Rights Quantification Act of 2010 to clarify the use of amounts in the WMAT Settlement Fund.,H001079,,,,,Yes,On the Cloture Motion,Cloture Motion Rejected,74,2,17:34:00,41,4,0,55,https://api.propublica.org/congress/v1/115/senate/sessions/2/votes/74.json
,,,,,,,,pn989-115,,,PN989,,,Senate,115,2018-04-12,"Rebecca Grady Jennings, of Kentucky, to be United States District Judge for the Western District of Kentucky",H001079,The Judiciary,Rebecca Grady Jennings,PN989-115,PN989,Yes,On the Cloture Motion,Cloture Motion Agreed to,73,2,16:49:00,2,4,0,94,https://api.propublica.org/congress/v1/115/senate/sessions/2/votes/73.json
,,,,,,,,pn988-115,,,PN988,,,Senate,115,2018-04-12,"John W. Broomes, of Kansas, to be United States District Judge for the District of Kansas",H001079,The Judiciary,John W. Broomes,PN988-115,PN988,Yes,On the Cloture Motion,Cloture Motion Agreed to,72,2,16:30:00,24,2,0,74,https://api.propublica.org/congress/v1/115/senate/sessions/2/votes/72.json
,,,,,,,,pn1426-115,,,PN1426,,,Senate,115,2018-04-12,"Andrew Wheeler, of Virginia, to be Deputy Administrator of the Environmental Protection Agency",H001079,Environmental Protection Agency,Andrew Wheeler,PN1426-115,PN1426,Yes,On the Nomination,Nomination Confirmed,71,2,15:56:00,45,2,0,53,https://api.propublica.org/congress/v1/115/senate/sessions/2/votes/71.json
,,,,,,,,pn1426-115,,,PN1426,,,Senate,115,2018-04-12,"Andrew Wheeler, of Virginia, to be Deputy Administrator of the Environmental Protection Agency",H001079,Environmental Protection Agency,Andrew Wheeler,PN1426-115,PN1426,Yes,On the Cloture Motion,Cloture Motion Agreed to,70,2,10:04:00,45,2,0,53,https://api.propublica.org/congress/v1/115/senate/sessions/2/votes/70.json
,,,,,,,,pn1395-115,,,PN1395,,,Senate,115,2018-04-12,"Patrick Pizzella, of Virginia, to be Deputy Secretary of Labor",H001079,Department of Labor,Patrick Pizzella,PN1395-115,PN1395,Yes,On the Nomination,Nomination Confirmed,69,2,09:29:00,48,2,0,50,https://api.propublica.org/congress/v1/115/senate/sessions/2/votes/69.json
,,,,,,,,pn1395-115,,,PN1395,,,Senate,115,2018-04-11,"Patrick Pizzella, of Virginia, to be Deputy Secretary of Labor",H001079,Department of Labor,Patrick Pizzella,PN1395-115,PN1395,Yes,On the Cloture Motion,Cloture Motion Agreed to,68,2,12:58:00,48,2,0,50,https://api.propublica.org/congress/v1/115/senate/sessions/2/votes/68.json
,,,,,,,,pn1443-115,,,PN1443,,,Senate,115,2018-04-11,"John F. Ring, of the District of Columbia, to be a Member of the National Labor Relations Board for the term of five years expiring December 16, 2022",H001079,National Labor Relations Board,John F. Ring,PN1443-115,PN1443,Yes,On the Nomination,Nomination Confirmed,67,2,12:21:00,48,2,0,50,https://api.propublica.org/congress/v1/115/senate/sessions/2/votes/67.json
,,,,,,,,pn1443-115,,,PN1443,,,Senate,115,2018-04-10,"John F. Ring, of the District of Columbia, to be a Member of the National Labor Relations Board for the term of five years expiring December 16, 2022",H001079,National Labor Relations Board,John F. Ring,PN1443-115,PN1443,Yes,On the Cloture Motion,Cloture Motion Agreed to,66,2,14:15:00,47,3,0,50,https://api.propublica.org/congress/v1/115/senate/sessions/2/votes/66.json
,,,,,,,,pn596-115,,,PN596,,,Senate,115,2018-04-10,"Claria Horn Boom, of Kentucky, to be United States District Judge for the Eastern and Western Districts of Kentucky",H001079,The Judiciary,Claria Horn Boom,PN596-115,PN596,Yes,On the Nomination,Nomination Confirmed,65,2,12:11:00,1,3,0,96,https://api.propublica.org/congress/v1/115/senate/sessions/2/votes/65.json
,,,,,,,,pn596-115,,,PN596,,,Senate,115,2018-04-09,"Claria Horn Boom, of Kentucky, to be United States District Judge for the Eastern and Western Districts of Kentucky",H001079,The Judiciary,Claria Horn Boom,PN596-115,PN596,Yes,On the Cloture Motion,Cloture Motion Agreed to,64,2,17:32:00,2,2,0,96,https://api.propublica.org/congress/v1/115/senate/sessions/2/votes/64.json
