amendment.api_uri,amendment.number,amendment.sponsor,amendment.sponsor_id,amendment.sponsor_party,amendment.sponsor_state,amendment.sponsor_uri,bill.api_uri,bill.bill_id,bill.bill_uri,bill.latest_action,bill.number,bill.sponsor_id,bill.title,chamber,congress,date,description,member_id,nomination.agency,nomination.name,nomination.nomination_id,nomination.number,position,question,result,roll_call,session,time,total.no,total.not_voting,total.present,total.yes,vote_uri
,,,,,,,,pn393-111,,,PN393,,,Senate,111,2010-02-04,"Martha N. Johnson, of Maryland, to be Administrator of General Services",K000374,,Martha N. Johnson,PN393-111,PN393,Yes,On the Nomination,Nomination Confirmed,20,2,15:14:00,2,4,0,94,https://api.propublica.org/congress/v1/111/senate/sessions/2/votes/20.json
,,,,,,,,pn393-111,,,PN393,,,Senate,111,2010-02-04,"Martha N. Johnson, of Maryland, to be Administrator of General Services",K000374,,Martha N. Johnson,PN393-111,PN393,Yes,On the Cloture Motion,Cloture Motion Agreed to,19,2,14:47:00,16,2,0,82,https://api.propublica.org/congress/v1/111/senate/sessions/2/votes/19.json
,,,,,,,,pn319-111,,,PN319,,,Senate,111,2010-02-04,"M. Patricia Smith, of New York, to be Solicitor for the Department of Labor",K000374,,M. Patricia Smith,PN319-111,PN319,Yes,On the Nomination,Nomination Confirmed,18,2,12:32:00,37,3,0,60,https://api.propublica.org/congress/v1/111/senate/sessions/2/votes/18.json
,,,,,,,,pn319-111,,,PN319,,,Senate,111,2010-02-01,"M. Patricia Smith, of New York, to be Solicitor for the Department of Labor",K000374,,M. Patricia Smith,PN319-111,PN319,Yes,On the Cloture Motion,Cloture Motion Agreed to,17,2,17:35:00,32,8,0,60,https://api.propublica.org/congress/v1/111/senate/sessions/2/votes/17.json
,,,,,,,,pn959-111,,,PN959,,,Senate,111,2010-01-28,"Ben S. Bernanke, of New Jersey, to be Chairman of the Board of Governors of the Federal Reserve System for a term of four years",K000374,,Ben S. Bernanke,PN959-111,PN959,Yes,On the Nomination,Nomination Confirmed,16,2,15:45:00,30,0,0,70,https://api.propublica.org/congress/v1/111/senate/sessions/2/votes/16.json
,,,,,,,,pn959-111,,,PN959,,,Senate,111,2010-01-28,"Ben S. Bernanke, of New Jersey, to be Chairman of the Board of Governors of the Federal Reserve System for a term of four years",K000374,,Ben S. Bernanke,PN959-111,PN959,Yes,On the Cloture Motion,Cloture Motion Agreed to,15,2,15:21:00,23,0,0,77,https://api.propublica.org/congress/v1/111/senate/sessions/2/votes/15.json
,,,,,,,,hjres45-111,https://api.propublica.org/congress/v1/111/bills/hjres45.json,Became Public Law No: 111-139,H.J.Res. 45,,Increasing the statutory limit on the public debt.,Senate,111,2010-01-28,"Resolved, That the resolution from the House of Representatives ",K000374,,,,,Yes,On the Joint Resolution,Joint Resolution Passed,14,2,12:21:00,39,1,0,60,https://api.propublica.org/congress/v1/111/senate/sessions/2/votes/14.json
https://api.propublica.org/congress/v1/111/amendments/samdt3299.json,S.Amdt. 3299,Harry Reid,R000146,D,Nev.,https://api.propublica.org/congress/v1/members/R000146.json,,hjres45-111,https://api.propublica.org/congress/v1/111/bills/hjres45.json,Became Public Law No: 111-139,H.J.Res. 45,,Increasing the statutory limit on the public debt.,Senate,111,2010-01-28,"Resolved, That the resolution from the House of Representatives ",K000374,,,,,Yes,On the Amendment,Amendment Agreed to,13,2,12:03:00,40,0,0,60,https://api.propublica.org/congress/v1/111/senate/sessions/2/votes/13.json
https://api.propublica.org/congress/v1/111/amendments/samdt3305.json,S.Amdt. 3305 to S.Amdt. 3299,Harry Reid,R000146,D,Nev.,https://api.propublica.org/congress/v1/members/R000146.json,,hjres45-111,https://api.propublica.org/congress/v1/111/bills/hjres45.json,Became Public Law No: 111-139,H.J.Res. 45,,Increasing the statutory limit on the public debt.,Senate,111,2010-01-28,"Resolved, That the resolution from the House of Representatives ",K000374,,,,,Yes,On the Amendment,Amendment Agreed to,12,2,11:41:00,40,0,0,60,https://api.propublica.org/congress/v1/111/senate/sessions/2/votes/12.json
https://api.propublica.org/congress/v1/111/amendments/samdt3308.json,S.Amdt. 3308 to S.Amdt. 3299,Jeff Sessions,S001141,R,Ala.,https://api.propublica.org/congress/v1/members/S001141.json,,hjres45-111,https://api.propublica.org/congress/v1/111/bills/hjres45.json,Became Public Law No: 111-139,H.J.Res. 45,,Increasing the statutory limit on the public debt.,Senate,111,2010-01-28,"Resolved, That the resolution from the House of Representatives ",K000374,,,,,No,On the Amendment,Amendment Rejected,11,2,11:15:00,44,0,0,56,https://api.propublica.org/congress/v1/111/senate/sessions/2/votes/11.json
https://api.propublica.org/congress/v1/111/amendments/samdt3309.json,S.Amdt. 3309 to S.Amdt. 3299,Sam Brownback,B000953,R,Kan.,https://api.propublica.org/congress/v1/members/B000953.json,,hjres45-111,https://api.propublica.org/congress/v1/111/bills/hjres45.json,Became Public Law No: 111-139,H.J.Res. 45,,Increasing the statutory limit on the public debt.,Senate,111,2010-01-28,"Resolved, That the resolution from the House of Representatives ",K000374,,,,,No,On the Amendment,Amendment Rejected,10,2,10:44:00,49,0,0,51,https://api.propublica.org/congress/v1/111/senate/sessions/2/votes/10.json
https://api.propublica.org/congress/v1/111/amendments/samdt3303.json,S.Amdt. 3303 to S.Amdt. 3299,Tom Coburn,C000560,R,Okla.,https://api.propublica.org/congress/v1/members/C000560.json,,hjres45-111,https://api.propublica.org/congress/v1/111/bills/hjres45.json,Became Public Law No: 111-139,H.J.Res. 45,,Increasing the statutory limit on the public debt.,Senate,111,2010-01-26,"Resolved, That the resolution from the House of Representatives ",K000374,,,,,No,On the Amendment,Amendment Rejected,9,2,20:31:00,57,6,0,37,https://api.propublica.org/congress/v1/111/senate/sessions/2/votes/9.json
https://api.propublica.org/congress/v1/111/amendments/samdt3303.json,S.Amdt. 3303 to S.Amdt. 3299,Tom Coburn,C000560,R,Okla.,https://api.propublica.org/congress/v1/members/C000560.json,,hjres45-111,https://api.propublica.org/congress/v1/111/bills/hjres45.json,Became Public Law No: 111-139,H.J.Res. 45,,Increasing the statutory limit on the public debt.,Senate,111,2010-01-26,"Resolved, That the resolution from the House of Representatives ",K000374,,,,,No,On the Amendment,Amendment Rejected,8,2,20:12:00,61,6,0,33,https://api.propublica.org/congress/v1/111/senate/sessions/2/votes/8.json
https://api.propublica.org/congress/v1/111/amendments/samdt3303.json,S.Amdt. 3303 to S.Amdt. 3299,Tom Coburn,C000560,R,Okla.,https://api.propublica.org/congress/v1/members/C000560.json,,hjres45-111,https://api.propublica.org/congress/v1/111/bills/hjres45.json,Became Public Law No: 111-139,H.J.Res. 45,,Increasing the statutory limit on the public debt.,Senate,111,2010-01-26,"Resolved, That the resolution from the House of Representatives ",K000374,,,,,No,On the Amendment,Amendment Rejected,7,2,19:50:00,48,6,0,46,https://api.propublica.org/congress/v1/111/senate/sessions/2/votes/7.json
https://api.propublica.org/congress/v1/111/amendments/samdt3303.json,S.Amdt. 3303 to S.Amdt. 3299,Tom Coburn,C000560,R,Okla.,https://api.propublica.org/congress/v1/members/C000560.json,,hjres45-111,https://api.propublica.org/congress/v1/111/bills/hjres45.json,Became Public Law No: 111-139,H.J.Res. 45,,Increasing the statutory limit on the public debt.,Senate,111,2010-01-26,"Resolved, That the resolution from the House of Representatives ",K000374,,,,,Yes,On the Amendment,Amendment Agreed to,6,2,19:22:00,0,6,0,94,https://api.propublica.org/congress/v1/111/senate/sessions/2/votes/6.json
https://api.propublica.org/congress/v1/111/amendments/samdt3302.json,S.Amdt. 3302 to S.Amdt. 3299,Kent Conrad,C000705,D,N.D.,https://api.propublica.org/congress/v1/members/C000705.json,,hjres45-111,https://api.propublica.org/congress/v1/111/bills/hjres45.json,Became Public Law No: 111-139,H.J.Res. 45,,Increasing the statutory limit on the public debt.,Senate,111,2010-01-26,"Resolved, That the resolution from the House of Representatives ",K000374,,,,,No,On the Amendment,Amendment Rejected,5,2,12:00:00,46,1,0,53,https://api.propublica.org/congress/v1/111/senate/sessions/2/votes/5.json
https://api.propublica.org/congress/v1/111/amendments/samdt3300.json,S.Amdt. 3300 to S.Amdt. 3299,Max Baucus,B000243,D,Mont.,https://api.propublica.org/congress/v1/members/B000243.json,,hjres45-111,https://api.propublica.org/congress/v1/111/bills/hjres45.json,Became Public Law No: 111-139,H.J.Res. 45,,Increasing the statutory limit on the public debt.,Senate,111,2010-01-26,"Resolved, That the resolution from the House of Representatives ",K000374,,,,,Yes,On the Amendment,Amendment Agreed to,4,2,11:30:00,0,3,0,97,https://api.propublica.org/congress/v1/111/senate/sessions/2/votes/4.json
,,,,,,,,pn1077-111,,,PN1077,,,Senate,111,2010-01-25,"Rosanna Malouf Peterson, of Washington, to be United States District Judge for the Eastern District of Washington",K000374,,Rosanna Malouf Peterson,PN1077-111,PN1077,Yes,On the Nomination,Nomination Confirmed,3,2,18:06:00,0,11,0,89,https://api.propublica.org/congress/v1/111/senate/sessions/2/votes/3.json
https://api.propublica.org/congress/v1/111/amendments/samdt3301.json,S.Amdt. 3301 to S.Amdt. 3299,John Thune,T000250,R,S.D.,https://api.propublica.org/congress/v1/members/T000250.json,,hjres45-111,https://api.propublica.org/congress/v1/111/bills/hjres45.json,Became Public Law No: 111-139,H.J.Res. 45,,Increasing the statutory limit on the public debt.,Senate,111,2010-01-21,"Resolved, That the resolution from the House of Representatives ",K000374,,,,,No,On the Amendment,Amendment Rejected,2,2,15:16:00,45,2,0,53,https://api.propublica.org/congress/v1/111/senate/sessions/2/votes/2.json
,,,,,,,,pn635-111,,,PN635,,,Senate,111,2010-01-20,"Beverly Baldwin Martin, of Georgia, to be United States Circuit Judge for the Eleventh Circuit",K000374,,Beverly Baldwin Martin,PN635-111,PN635,Yes,On the Nomination,Nomination Confirmed,1,2,12:01:00,0,3,0,97,https://api.propublica.org/congress/v1/111/senate/sessions/2/votes/1.json
,,,,,,,,hr4314-111,https://api.propublica.org/congress/v1/111/bills/hr4314.json,Became Public Law No: 111-123,H.R. 4314,R000053,To permit continued financing of Government operations.,Senate,111,2009-12-24,To permit continued financing of Government operations. ,K000374,,,,,Yes,On Passage of the Bill,Bill Passed,397,1,07:16:00,39,1,0,60,https://api.propublica.org/congress/v1/111/senate/sessions/1/votes/397.json
,,,,,,,,hr3590-111,https://api.propublica.org/congress/v1/111/bills/hr3590.json,Became Public Law No: 111-148,H.R. 3590,R000053,Patient Protection and Affordable Care Act,Senate,111,2009-12-24,Patient Protection and Affordable Care Act ,K000374,,,,,Yes,On Passage of the Bill,Bill Passed,396,1,07:05:00,39,1,0,60,https://api.propublica.org/congress/v1/111/senate/sessions/1/votes/396.json
,,,,,,,,hr3590-111,https://api.propublica.org/congress/v1/111/bills/hr3590.json,Became Public Law No: 111-148,H.R. 3590,R000053,Patient Protection and Affordable Care Act,Senate,111,2009-12-23,Patient Protection and Affordable Care Act ,K000374,,,,,Yes,On the Cloture Motion,Cloture Motion Agreed to,395,1,16:18:00,39,1,0,60,https://api.propublica.org/congress/v1/111/senate/sessions/1/votes/395.json
https://api.propublica.org/congress/v1/111/amendments/samdt2786.json,S.Amdt. 2786,Harry Reid,R000146,D,Nev.,https://api.propublica.org/congress/v1/members/R000146.json,,hr3590-111,https://api.propublica.org/congress/v1/111/bills/hr3590.json,Became Public Law No: 111-148,H.R. 3590,R000053,Patient Protection and Affordable Care Act,Senate,111,2009-12-23,Patient Protection and Affordable Care Act ,K000374,,,,,Yes,On the Amendment,Amendment Agreed to,394,1,16:01:00,39,1,0,60,https://api.propublica.org/congress/v1/111/senate/sessions/1/votes/394.json
https://api.propublica.org/congress/v1/111/amendments/samdt2786.json,S.Amdt. 2786,Harry Reid,R000146,D,Nev.,https://api.propublica.org/congress/v1/members/R000146.json,,hr3590-111,https://api.propublica.org/congress/v1/111/bills/hr3590.json,Became Public Law No: 111-148,H.R. 3590,R000053,Patient Protection and Affordable Care Act,Senate,111,2009-12-23,Patient Protection and Affordable Care Act ,K000374,,,,,Yes,On the Motion to Table,Motion to Table Agreed to,393,1,15:45:00,46,1,0,53,https://api.propublica.org/congress/v1/111/senate/sessions/1/votes/393.json
https://api.propublica.org/congress/v1/111/amendments/samdt2786.json,S.Amdt. 2786,Harry Reid,R000146,D,Nev.,https://api.propublica.org/congress/v1/members/R000146.json,,hr3590-111,https://api.propublica.org/congress/v1/111/bills/hr3590.json,Became Public Law No: 111-148,H.R. 3590,R000053,Patient Protection and Affordable Care Act,Senate,111,2009-12-23,Patient Protection and Affordable Care Act ,K000374,,,,,No,On the Point of Order,Point of Order Not Well Taken,392,1,15:20:00,60,1,0,39,https://api.propublica.org/congress/v1/111/senate/sessions/1/votes/392.json
https://api.propublica.org/congress/v1/111/amendments/samdt2786.json,S.Amdt. 2786,Harry Reid,R000146,D,Nev.,https://api.propublica.org/congress/v1/members/R000146.json,,hr3590-111,https://api.propublica.org/congress/v1/111/bills/hr3590.json,Became Public Law No: 111-148,H.R. 3590,R000053,Patient Protection and Affordable Care Act,Senate,111,2009-12-23,Patient Protection and Affordable Care Act ,K000374,,,,,Yes,On the Motion to Table,Motion to Table Agreed to,391,1,15:04:00,42,1,0,57,https://api.propublica.org/congress/v1/111/senate/sessions/1/votes/391.json
https://api.propublica.org/congress/v1/111/amendments/samdt2786.json,S.Amdt. 2786,Harry Reid,R000146,D,Nev.,https://api.propublica.org/congress/v1/members/R000146.json,,hr3590-111,https://api.propublica.org/congress/v1/111/bills/hr3590.json,Became Public Law No: 111-148,H.R. 3590,R000053,Patient Protection and Affordable Care Act,Senate,111,2009-12-23,Patient Protection and Affordable Care Act ,K000374,,,,,Yes,On the Motion,Motion Agreed to,390,1,14:43:00,44,1,0,55,https://api.propublica.org/congress/v1/111/senate/sessions/1/votes/390.json
https://api.propublica.org/congress/v1/111/amendments/samdt2786.json,S.Amdt. 2786,Harry Reid,R000146,D,Nev.,https://api.propublica.org/congress/v1/members/R000146.json,,hr3590-111,https://api.propublica.org/congress/v1/111/bills/hr3590.json,Became Public Law No: 111-148,H.R. 3590,R000053,Patient Protection and Affordable Care Act,Senate,111,2009-12-23,Patient Protection and Affordable Care Act ,K000374,,,,,No,On the Point of Order,Point of Order Not Well Taken,389,1,14:16:00,60,1,0,39,https://api.propublica.org/congress/v1/111/senate/sessions/1/votes/389.json
https://api.propublica.org/congress/v1/111/amendments/samdt2786.json,S.Amdt. 2786,Harry Reid,R000146,D,Nev.,https://api.propublica.org/congress/v1/members/R000146.json,,hr3590-111,https://api.propublica.org/congress/v1/111/bills/hr3590.json,Became Public Law No: 111-148,H.R. 3590,R000053,Patient Protection and Affordable Care Act,Senate,111,2009-12-22,Patient Protection and Affordable Care Act ,K000374,,,,,Yes,On the Cloture Motion,Cloture Motion Agreed to,388,1,07:57:00,39,1,0,60,https://api.propublica.org/congress/v1/111/senate/sessions/1/votes/388.json
https://api.propublica.org/congress/v1/111/amendments/samdt3276.json,S.Amdt. 3276 to S.Amdt. 2786,Harry Reid,R000146,D,Nev.,https://api.propublica.org/congress/v1/members/R000146.json,,hr3590-111,https://api.propublica.org/congress/v1/111/bills/hr3590.json,Became Public Law No: 111-148,H.R. 3590,R000053,Patient Protection and Affordable Care Act,Senate,111,2009-12-22,Patient Protection and Affordable Care Act ,K000374,,,,,Yes,On the Amendment,Amendment Agreed to,387,1,07:42:00,39,1,0,60,https://api.propublica.org/congress/v1/111/senate/sessions/1/votes/387.json
https://api.propublica.org/congress/v1/111/amendments/samdt3278.json,S.Amdt. 3278,Harry Reid,R000146,D,Nev.,https://api.propublica.org/congress/v1/members/R000146.json,,hr3590-111,https://api.propublica.org/congress/v1/111/bills/hr3590.json,Became Public Law No: 111-148,H.R. 3590,R000053,Patient Protection and Affordable Care Act,Senate,111,2009-12-22,Patient Protection and Affordable Care Act ,K000374,,,,,Yes,On the Motion to Table,Motion to Table Agreed to,386,1,07:19:00,39,1,0,60,https://api.propublica.org/congress/v1/111/senate/sessions/1/votes/386.json
https://api.propublica.org/congress/v1/111/amendments/hamdt4.json,S.Amdt. 3276 to S.Amdt. 2786,Jeb Hensarling,H001036,R,Tex.,https://api.propublica.org/congress/v1/members/H001036.json,,hr3590-111,https://api.propublica.org/congress/v1/111/bills/hr3590.json,Became Public Law No: 111-148,H.R. 3590,R000053,Patient Protection and Affordable Care Act,Senate,111,2009-12-21,Patient Protection and Affordable Care Act ,K000374,,,,,Yes,On the Cloture Motion,Cloture Motion Agreed to,385,1,01:08:00,40,0,0,60,https://api.propublica.org/congress/v1/111/senate/sessions/1/votes/385.json
,,,,,,,,hr3326-111,https://api.propublica.org/congress/v1/111/bills/hr3326.json,Became Public Law No: 111-118,H.R. 3326,M001120,"Department of Defense Appropriations Act, 2010",Senate,111,2009-12-19,"Department of Defense Appropriations Act, 2010 ",K000374,,,,,Yes,On the Motion,Motion Agreed to,384,1,08:09:00,10,2,0,88,https://api.propublica.org/congress/v1/111/senate/sessions/1/votes/384.json
,,,,,,,,hr3326-111,https://api.propublica.org/congress/v1/111/bills/hr3326.json,Became Public Law No: 111-118,H.R. 3326,M001120,"Department of Defense Appropriations Act, 2010",Senate,111,2009-12-19,"Department of Defense Appropriations Act, 2010 ",K000374,,,,,Yes,On the Motion,Motion Agreed to,383,1,07:50:00,35,2,0,63,https://api.propublica.org/congress/v1/111/senate/sessions/1/votes/383.json
,,,,,,,,hr3326-111,https://api.propublica.org/congress/v1/111/bills/hr3326.json,Became Public Law No: 111-118,H.R. 3326,M001120,"Department of Defense Appropriations Act, 2010",Senate,111,2009-12-19,"Department of Defense Appropriations Act, 2010 ",K000374,,,,,Yes,On the Motion to Table,Motion to Table Agreed to,382,1,07:22:00,35,2,0,63,https://api.propublica.org/congress/v1/111/senate/sessions/1/votes/382.json
,,,,,,,,hr3326-111,https://api.propublica.org/congress/v1/111/bills/hr3326.json,Became Public Law No: 111-118,H.R. 3326,M001120,"Department of Defense Appropriations Act, 2010",Senate,111,2009-12-18,"Department of Defense Appropriations Act, 2010 ",K000374,,,,,Yes,On the Cloture Motion,Cloture Motion Agreed to,381,1,01:01:00,33,4,0,63,https://api.propublica.org/congress/v1/111/senate/sessions/1/votes/381.json
,,,,,,,,hr3326-111,https://api.propublica.org/congress/v1/111/bills/hr3326.json,Became Public Law No: 111-118,H.R. 3326,M001120,"Department of Defense Appropriations Act, 2010",Senate,111,2009-12-17,"Department of Defense Appropriations Act, 2010 ",K000374,,,,,Yes,On the Motion,Motion Agreed to,380,1,18:32:00,38,3,0,59,https://api.propublica.org/congress/v1/111/senate/sessions/1/votes/380.json
,,,,,,,,hr3590-111,https://api.propublica.org/congress/v1/111/bills/hr3590.json,Became Public Law No: 111-148,H.R. 3590,R000053,Patient Protection and Affordable Care Act,Senate,111,2009-12-16,Patient Protection and Affordable Care Act ,K000374,,,,,Yes,On the Motion to Table,Motion to Table Agreed to,379,1,15:21:00,41,3,0,56,https://api.propublica.org/congress/v1/111/senate/sessions/1/votes/379.json
https://api.propublica.org/congress/v1/111/amendments/samdt3156.json,S.Amdt. 3156 to S.Amdt. 2786,Frank R. Lautenberg,L000123,D,N.J.,https://api.propublica.org/congress/v1/members/L000123.json,,hr3590-111,https://api.propublica.org/congress/v1/111/bills/hr3590.json,Became Public Law No: 111-148,H.R. 3590,R000053,Patient Protection and Affordable Care Act,Senate,111,2009-12-15,Patient Protection and Affordable Care Act ,K000374,,,,,Yes,On the Amendment,Amendment Rejected,378,1,19:06:00,43,1,0,56,https://api.propublica.org/congress/v1/111/senate/sessions/1/votes/378.json
https://api.propublica.org/congress/v1/111/amendments/samdt2793.json,S.Amdt. 2793 to S.Amdt. 2786,Byron L. Dorgan,D000432,D,N.D.,https://api.propublica.org/congress/v1/members/D000432.json,,hr3590-111,https://api.propublica.org/congress/v1/111/bills/hr3590.json,Became Public Law No: 111-148,H.R. 3590,R000053,Patient Protection and Affordable Care Act,Senate,111,2009-12-15,Patient Protection and Affordable Care Act ,K000374,,,,,No,On the Amendment,Amendment Rejected,377,1,18:45:00,48,1,0,51,https://api.propublica.org/congress/v1/111/senate/sessions/1/votes/377.json
,,,,,,,,hr3590-111,https://api.propublica.org/congress/v1/111/bills/hr3590.json,Became Public Law No: 111-148,H.R. 3590,R000053,Patient Protection and Affordable Care Act,Senate,111,2009-12-15,Patient Protection and Affordable Care Act ,K000374,,,,,No,On the Motion,Motion Rejected,376,1,18:28:00,54,1,0,45,https://api.propublica.org/congress/v1/111/senate/sessions/1/votes/376.json
https://api.propublica.org/congress/v1/111/amendments/samdt3183.json,S.Amdt. 3183 to S.Amdt. 2786,Max Baucus,B000243,D,Mont.,https://api.propublica.org/congress/v1/members/B000243.json,,hr3590-111,https://api.propublica.org/congress/v1/111/bills/hr3590.json,Became Public Law No: 111-148,H.R. 3590,R000053,Patient Protection and Affordable Care Act,Senate,111,2009-12-15,Patient Protection and Affordable Care Act ,K000374,,,,,Yes,On the Amendment,Amendment Agreed to,375,1,18:00:00,1,2,0,97,https://api.propublica.org/congress/v1/111/senate/sessions/1/votes/375.json
,,,,,,,,hr3288-111,https://api.propublica.org/congress/v1/111/bills/hr3288.json,Became Public Law No: 111-117,H.R. 3288,O000085,"Consolidated Appropriations Act, 2010",Senate,111,2009-12-13,"Transportation, Housing and Urban Development, and Related Agencies Appropriations Act, 2010 ",K000374,,,,,Yes,On the Conference Report,Conference Report Agreed to,374,1,14:00:00,35,8,0,57,https://api.propublica.org/congress/v1/111/senate/sessions/1/votes/374.json
,,,,,,,,hr3288-111,https://api.propublica.org/congress/v1/111/bills/hr3288.json,Became Public Law No: 111-117,H.R. 3288,O000085,"Consolidated Appropriations Act, 2010",Senate,111,2009-12-12,"Transportation, Housing and Urban Development, and Related Agencies Appropriations Act, 2010 ",K000374,,,,,Yes,On the Cloture Motion,Cloture Motion Agreed to,373,1,09:31:00,34,6,0,60,https://api.propublica.org/congress/v1/111/senate/sessions/1/votes/373.json
,,,,,,,,hr3288-111,https://api.propublica.org/congress/v1/111/bills/hr3288.json,Became Public Law No: 111-117,H.R. 3288,O000085,"Consolidated Appropriations Act, 2010",Senate,111,2009-12-11,"Transportation, Housing and Urban Development, and Related Agencies Appropriations Act, 2010 ",K000374,,,,,Yes,On the Motion,Motion Agreed to,372,1,13:06:00,36,4,0,60,https://api.propublica.org/congress/v1/111/senate/sessions/1/votes/372.json
,,,,,,,,hr3288-111,https://api.propublica.org/congress/v1/111/bills/hr3288.json,Became Public Law No: 111-117,H.R. 3288,O000085,"Consolidated Appropriations Act, 2010",Senate,111,2009-12-10,"Transportation, Housing and Urban Development, and Related Agencies Appropriations Act, 2010 ",K000374,,,,,Yes,On the Motion to Proceed,Motion to Proceed Agreed to,371,1,15:03:00,43,1,0,56,https://api.propublica.org/congress/v1/111/senate/sessions/1/votes/371.json
,,,,,,,,hr3590-111,https://api.propublica.org/congress/v1/111/bills/hr3590.json,Became Public Law No: 111-148,H.R. 3590,R000053,Patient Protection and Affordable Care Act,Senate,111,2009-12-08,Patient Protection and Affordable Care Act ,K000374,,,,,No,On the Motion,Motion Rejected,370,1,17:37:00,57,1,0,42,https://api.propublica.org/congress/v1/111/senate/sessions/1/votes/370.json
https://api.propublica.org/congress/v1/111/amendments/samdt2962.json,S.Amdt. 2962 to S.Amdt. 2786,Ben Nelson,N000180,D,Neb.,https://api.propublica.org/congress/v1/members/N000180.json,,hr3590-111,https://api.propublica.org/congress/v1/111/bills/hr3590.json,Became Public Law No: 111-148,H.R. 3590,R000053,Patient Protection and Affordable Care Act,Senate,111,2009-12-08,Patient Protection and Affordable Care Act ,K000374,,,,,Yes,On the Motion to Table,Motion to Table Agreed to,369,1,17:10:00,45,1,0,54,https://api.propublica.org/congress/v1/111/senate/sessions/1/votes/369.json
,S.Amdt. 2942 to S.Amdt. 2786,,,,,,,hr3590-111,https://api.propublica.org/congress/v1/111/bills/hr3590.json,Became Public Law No: 111-148,H.R. 3590,R000053,Patient Protection and Affordable Care Act,Senate,111,2009-12-07,Patient Protection and Affordable Care Act ,K000374,,,,,No,On the Amendment,Amendment Rejected,368,1,16:07:00,56,1,0,43,https://api.propublica.org/congress/v1/111/senate/sessions/1/votes/368.json
,S.Amdt. 2939 to S.Amdt. 2786,,,,,,,hr3590-111,https://api.propublica.org/congress/v1/111/bills/hr3590.json,Became Public Law No: 111-148,H.R. 3590,R000053,Patient Protection and Affordable Care Act,Senate,111,2009-12-07,Patient Protection and Affordable Care Act ,K000374,,,,,Yes,On the Amendment,Amendment Agreed to,367,1,15:37:00,0,2,0,98,https://api.propublica.org/congress/v1/111/senate/sessions/1/votes/367.json
,S.Amdt. 2927 to S.Amdt. 2786,,,,,,,hr3590-111,https://api.propublica.org/congress/v1/111/bills/hr3590.json,Became Public Law No: 111-148,H.R. 3590,R000053,Patient Protection and Affordable Care Act,Senate,111,2009-12-06,Patient Protection and Affordable Care Act ,K000374,,,,,No,On the Amendment,Amendment Rejected,366,1,15:48:00,66,2,0,32,https://api.propublica.org/congress/v1/111/senate/sessions/1/votes/366.json
,S.Amdt. 2905 to S.Amdt. 2786,,,,,,,hr3590-111,https://api.propublica.org/congress/v1/111/bills/hr3590.json,Became Public Law No: 111-148,H.R. 3590,R000053,Patient Protection and Affordable Care Act,Senate,111,2009-12-06,Patient Protection and Affordable Care Act ,K000374,,,,,Yes,On the Amendment,Amendment Rejected,365,1,15:16:00,42,2,0,56,https://api.propublica.org/congress/v1/111/senate/sessions/1/votes/365.json
,,,,,,,,hr3590-111,https://api.propublica.org/congress/v1/111/bills/hr3590.json,Became Public Law No: 111-148,H.R. 3590,R000053,Patient Protection and Affordable Care Act,Senate,111,2009-12-05,Patient Protection and Affordable Care Act ,K000374,,,,,No,On the Motion,Motion Rejected,364,1,15:08:00,53,6,0,41,https://api.propublica.org/congress/v1/111/senate/sessions/1/votes/364.json
,S.Amdt. 2926 to S.Amdt. 2786,,,,,,,hr3590-111,https://api.propublica.org/congress/v1/111/bills/hr3590.json,Became Public Law No: 111-148,H.R. 3590,R000053,Patient Protection and Affordable Care Act,Senate,111,2009-12-05,Patient Protection and Affordable Care Act ,K000374,,,,,Yes,On the Amendment,Amendment Agreed to,363,1,14:43:00,0,4,0,96,https://api.propublica.org/congress/v1/111/senate/sessions/1/votes/363.json
,,,,,,,,hr3590-111,https://api.propublica.org/congress/v1/111/bills/hr3590.json,Became Public Law No: 111-148,H.R. 3590,R000053,Patient Protection and Affordable Care Act,Senate,111,2009-12-04,Patient Protection and Affordable Care Act ,K000374,,,,,No,On the Motion,Motion Rejected,362,1,16:32:00,57,2,0,41,https://api.propublica.org/congress/v1/111/senate/sessions/1/votes/362.json
,S.Amdt. 2899 to S.Amdt. 2786,,,,,,,hr3590-111,https://api.propublica.org/congress/v1/111/bills/hr3590.json,Became Public Law No: 111-148,H.R. 3590,R000053,Patient Protection and Affordable Care Act,Senate,111,2009-12-04,Patient Protection and Affordable Care Act ,K000374,,,,,Yes,On the Amendment,Amendment Agreed to,361,1,16:14:00,1,2,0,97,https://api.propublica.org/congress/v1/111/senate/sessions/1/votes/361.json
,S.Amdt. 2901 to S.Amdt. 2786,,,,,,,hr3590-111,https://api.propublica.org/congress/v1/111/bills/hr3590.json,Became Public Law No: 111-148,H.R. 3590,R000053,Patient Protection and Affordable Care Act,Senate,111,2009-12-04,Patient Protection and Affordable Care Act ,K000374,,,,,No,On the Amendment,Amendment Rejected,360,1,15:56:00,47,2,0,51,https://api.propublica.org/congress/v1/111/senate/sessions/1/votes/360.json
,S.Amdt. 2870 to S.Amdt. 2786,,,,,,,hr3590-111,https://api.propublica.org/congress/v1/111/bills/hr3590.json,Became Public Law No: 111-148,H.R. 3590,R000053,Patient Protection and Affordable Care Act,Senate,111,2009-12-04,Patient Protection and Affordable Care Act ,K000374,,,,,Yes,On the Amendment,Amendment Agreed to,359,1,15:31:00,0,2,0,98,https://api.propublica.org/congress/v1/111/senate/sessions/1/votes/359.json
,,,,,,,,hr3590-111,https://api.propublica.org/congress/v1/111/bills/hr3590.json,Became Public Law No: 111-148,H.R. 3590,R000053,Patient Protection and Affordable Care Act,Senate,111,2009-12-03,Patient Protection and Affordable Care Act ,K000374,,,,,No,On the Motion,Motion Rejected,358,1,15:10:00,58,0,0,42,https://api.propublica.org/congress/v1/111/senate/sessions/1/votes/358.json
,S.Amdt. 2826 to S.Amdt. 2786,,,,,,,hr3590-111,https://api.propublica.org/congress/v1/111/bills/hr3590.json,Became Public Law No: 111-148,H.R. 3590,R000053,Patient Protection and Affordable Care Act,Senate,111,2009-12-03,Patient Protection and Affordable Care Act ,K000374,,,,,Yes,On the Amendment,Amendment Agreed to,357,1,14:42:00,0,0,0,100,https://api.propublica.org/congress/v1/111/senate/sessions/1/votes/357.json
,S.Amdt. 2836 to S.Amdt. 2786,,,,,,,hr3590-111,https://api.propublica.org/congress/v1/111/bills/hr3590.json,Became Public Law No: 111-148,H.R. 3590,R000053,Patient Protection and Affordable Care Act,Senate,111,2009-12-03,Patient Protection and Affordable Care Act ,K000374,,,,,No,On the Amendment,Amendment Rejected,356,1,12:16:00,59,0,0,41,https://api.propublica.org/congress/v1/111/senate/sessions/1/votes/356.json
,S.Amdt. 2791 to S.Amdt. 2786,,,,,,,hr3590-111,https://api.propublica.org/congress/v1/111/bills/hr3590.json,Became Public Law No: 111-148,H.R. 3590,R000053,Patient Protection and Affordable Care Act,Senate,111,2009-12-03,Patient Protection and Affordable Care Act ,K000374,,,,,Yes,On the Amendment,Amendment Agreed to,355,1,11:47:00,39,0,0,61,https://api.propublica.org/congress/v1/111/senate/sessions/1/votes/355.json
,,,,,,,,pn841-111,,,PN841,,,Senate,111,2009-12-01,"Jacqueline H. Nguyen, of California, to be United States District Judge for the Central District of California",K000374,,Jacqueline H. Nguyen,PN841-111,PN841,Yes,On the Nomination,Nomination Confirmed,354,1,12:40:00,0,3,0,97,https://api.propublica.org/congress/v1/111/senate/sessions/1/votes/354.json
,,,,,,,,hr3590-111,https://api.propublica.org/congress/v1/111/bills/hr3590.json,Became Public Law No: 111-148,H.R. 3590,R000053,Patient Protection and Affordable Care Act,Senate,111,2009-11-21,Patient Protection and Affordable Care Act ,K000374,,,,,Yes,On the Cloture Motion,Cloture Motion Agreed to,353,1,19:55:00,39,1,0,60,https://api.propublica.org/congress/v1/111/senate/sessions/1/votes/353.json
,,,,,,,,s1963-111,https://api.propublica.org/congress/v1/111/bills/s1963.json,Became Public Law No: 111-163,S. 1963,A000069,Caregivers and Veterans Omnibus Health Services Act of 2010,Senate,111,2009-11-19,Caregivers and Veterans Omnibus Health Services Act of 2010 ,K000374,,,,,Yes,On Passage of the Bill,Bill Passed,352,1,15:22:00,0,2,0,98,https://api.propublica.org/congress/v1/111/senate/sessions/1/votes/352.json
,S.Amdt. 2785,,,,,,,s1963-111,https://api.propublica.org/congress/v1/111/bills/s1963.json,Became Public Law No: 111-163,S. 1963,A000069,Caregivers and Veterans Omnibus Health Services Act of 2010,Senate,111,2009-11-19,Caregivers and Veterans Omnibus Health Services Act of 2010 ,K000374,,,,,No,On the Amendment,Amendment Rejected,351,1,15:02:00,66,2,0,32,https://api.propublica.org/congress/v1/111/senate/sessions/1/votes/351.json
,,,,,,,,pn187-111,,,PN187,,,Senate,111,2009-11-19,"David F. Hamilton, of Indiana, to be United States Circuit Judge for the Seventh Circuit",K000374,,David F. Hamilton,PN187-111,PN187,Yes,On the Nomination,Nomination Confirmed,350,1,14:32:00,39,2,0,59,https://api.propublica.org/congress/v1/111/senate/sessions/1/votes/350.json
,,,,,,,,pn187-111,,,PN187,,,Senate,111,2009-11-17,"David F. Hamilton, of Indiana, to be United States Circuit Judge for the Seventh Circuit",K000374,,David F. Hamilton,PN187-111,PN187,Yes,On the Motion,Motion Agreed to,349,1,16:37:00,29,1,0,70,https://api.propublica.org/congress/v1/111/senate/sessions/1/votes/349.json
,,,,,,,,hr3082-111,https://api.propublica.org/congress/v1/111/bills/hr3082.json,Became Public Law No: 111-322,H.R. 3082,E000063,"Continuing Appropriations and Surface Transportation Extensions Act, 2011",Senate,111,2009-11-17,"Consolidated Appropriations Act, 2011 ",K000374,,,,,Yes,On Passage of the Bill,Bill Passed,348,1,14:44:00,0,0,0,100,https://api.propublica.org/congress/v1/111/senate/sessions/1/votes/348.json
,S.Amdt. 2774 to S.Amdt. 2730,,,,,,,hr3082-111,https://api.propublica.org/congress/v1/111/bills/hr3082.json,Became Public Law No: 111-322,H.R. 3082,E000063,"Continuing Appropriations and Surface Transportation Extensions Act, 2011",Senate,111,2009-11-17,"Consolidated Appropriations Act, 2011 ",K000374,,,,,Yes,On the Motion to Table,Motion to Table Agreed to,347,1,14:23:00,43,0,0,57,https://api.propublica.org/congress/v1/111/senate/sessions/1/votes/347.json
,S.Amdt. 2733 to S.Amdt. 2730,,,,,,,hr3082-111,https://api.propublica.org/congress/v1/111/bills/hr3082.json,Became Public Law No: 111-322,H.R. 3082,E000063,"Continuing Appropriations and Surface Transportation Extensions Act, 2011",Senate,111,2009-11-17,"Consolidated Appropriations Act, 2011 ",K000374,,,,,Yes,On the Amendment,Amendment Agreed to,346,1,11:32:00,1,1,0,98,https://api.propublica.org/congress/v1/111/senate/sessions/1/votes/346.json
,,,,,,,,hr3082-111,https://api.propublica.org/congress/v1/111/bills/hr3082.json,Became Public Law No: 111-322,H.R. 3082,E000063,"Continuing Appropriations and Surface Transportation Extensions Act, 2011",Senate,111,2009-11-16,"Consolidated Appropriations Act, 2011 ",K000374,,,,,No,On the Motion,Motion Rejected,345,1,18:01:00,69,7,0,24,https://api.propublica.org/congress/v1/111/senate/sessions/1/votes/345.json
,S.Amdt. 2757 to S.Amdt. 2730,,,,,,,hr3082-111,https://api.propublica.org/congress/v1/111/bills/hr3082.json,Became Public Law No: 111-322,H.R. 3082,E000063,"Continuing Appropriations and Surface Transportation Extensions Act, 2011",Senate,111,2009-11-16,"Consolidated Appropriations Act, 2011 ",K000374,,,,,Yes,On the Amendment,Amendment Agreed to,344,1,17:34:00,0,7,0,93,https://api.propublica.org/congress/v1/111/senate/sessions/1/votes/344.json
,,,,,,,,pn680-111,,,PN680,,,Senate,111,2009-11-09,"Charlene Edwards Honeywell, of Florida, to be United States District Judge for the Middle District of Florida",K000374,,Charlene Edwards Honeywell,PN680-111,PN680,Yes,On the Nomination,Nomination Confirmed,343,1,18:05:00,0,12,0,88,https://api.propublica.org/congress/v1/111/senate/sessions/1/votes/343.json
,,,,,,,,pn262-111,,,PN262,,,Senate,111,2009-11-09,"Andre M. Davis, of Maryland, to be United States Circuit Judge for the Fourth Circuit",K000374,,Andre M. Davis,PN262-111,PN262,Yes,On the Nomination,Nomination Confirmed,342,1,17:42:00,16,12,0,72,https://api.propublica.org/congress/v1/111/senate/sessions/1/votes/342.json
,,,,,,,,pn557-111,,,PN557,,,Senate,111,2009-11-05,"Ignacia S. Moreno, of New York, to be an Assistant Attorney General",K000374,,Ignacia S. Moreno,PN557-111,PN557,Yes,On the Nomination,Nomination Confirmed,341,1,19:03:00,0,7,0,93,https://api.propublica.org/congress/v1/111/senate/sessions/1/votes/341.json
,,,,,,,,hr2847-111,https://api.propublica.org/congress/v1/111/bills/hr2847.json,Became Public Law No: 111-147,H.R. 2847,M000844,Hiring Incentives to Restore Employment Act,Senate,111,2009-11-05,"Resolved, That the House agree to the amendment of the Senate to the bill ",K000374,,,,,Yes,On Passage of the Bill,Bill Passed,340,1,18:45:00,28,1,0,71,https://api.propublica.org/congress/v1/111/senate/sessions/1/votes/340.json
,S.Amdt. 2648,,,,,,,hr2847-111,https://api.propublica.org/congress/v1/111/bills/hr2847.json,Became Public Law No: 111-147,H.R. 2847,M000844,Hiring Incentives to Restore Employment Act,Senate,111,2009-11-05,"Resolved, That the House agree to the amendment of the Senate to the bill ",K000374,,,,,No,On the Motion,Motion Rejected,339,1,18:27:00,67,1,0,32,https://api.propublica.org/congress/v1/111/senate/sessions/1/votes/339.json
,S.Amdt. 2669,,,,,,,hr2847-111,https://api.propublica.org/congress/v1/111/bills/hr2847.json,Became Public Law No: 111-147,H.R. 2847,M000844,Hiring Incentives to Restore Employment Act,Senate,111,2009-11-05,"Resolved, That the House agree to the amendment of the Senate to the bill ",K000374,,,,,Yes,On the Motion to Table,Motion to Table Agreed to,338,1,18:08:00,45,1,0,54,https://api.propublica.org/congress/v1/111/senate/sessions/1/votes/338.json
,S.Amdt. 2667,,,,,,,hr2847-111,https://api.propublica.org/congress/v1/111/bills/hr2847.json,Became Public Law No: 111-147,H.R. 2847,M000844,Hiring Incentives to Restore Employment Act,Senate,111,2009-11-05,"Resolved, That the House agree to the amendment of the Senate to the bill ",K000374,,,,,No,On the Motion,Motion Rejected,337,1,17:48:00,57,1,0,42,https://api.propublica.org/congress/v1/111/senate/sessions/1/votes/337.json
,S.Amdt. 2631,,,,,,,hr2847-111,https://api.propublica.org/congress/v1/111/bills/hr2847.json,Became Public Law No: 111-147,H.R. 2847,M000844,Hiring Incentives to Restore Employment Act,Senate,111,2009-11-05,"Resolved, That the House agree to the amendment of the Senate to the bill ",K000374,,,,,No,On the Amendment,Amendment Rejected,336,1,17:18:00,62,2,0,36,https://api.propublica.org/congress/v1/111/senate/sessions/1/votes/336.json
,,,,,,,,hr2847-111,https://api.propublica.org/congress/v1/111/bills/hr2847.json,Became Public Law No: 111-147,H.R. 2847,M000844,Hiring Incentives to Restore Employment Act,Senate,111,2009-11-05,"Resolved, That the House agree to the amendment of the Senate to the bill ",K000374,,,,,Yes,On the Motion,Motion Agreed to,335,1,12:22:00,39,1,0,60,https://api.propublica.org/congress/v1/111/senate/sessions/1/votes/335.json
,,,,,,,,hr3548-111,https://api.propublica.org/congress/v1/111/bills/hr3548.json,Became Public Law No: 111-92,H.R. 3548,M000404,"Worker, Homeownership, and Business Assistance Act of 2009",Senate,111,2009-11-04,"Worker, Homeownership, and Business Assistance Act of 2009 ",K000374,,,,,Yes,On Passage of the Bill,Bill Passed,334,1,17:28:00,0,2,0,98,https://api.propublica.org/congress/v1/111/senate/sessions/1/votes/334.json
,,,,,,,,hr3548-111,https://api.propublica.org/congress/v1/111/bills/hr3548.json,Became Public Law No: 111-92,H.R. 3548,M000404,"Worker, Homeownership, and Business Assistance Act of 2009",Senate,111,2009-11-04,"Worker, Homeownership, and Business Assistance Act of 2009 ",K000374,,,,,Yes,On the Motion,Motion Agreed to,333,1,12:16:00,1,2,0,97,https://api.propublica.org/congress/v1/111/senate/sessions/1/votes/333.json
,S.Amdt. 2712,,,,,,,hr3548-111,https://api.propublica.org/congress/v1/111/bills/hr3548.json,Became Public Law No: 111-92,H.R. 3548,M000404,"Worker, Homeownership, and Business Assistance Act of 2009",Senate,111,2009-11-02,"Worker, Homeownership, and Business Assistance Act of 2009 ",K000374,,,,,Yes,On the Motion,Motion Agreed to,332,1,17:00:00,2,13,0,85,https://api.propublica.org/congress/v1/111/senate/sessions/1/votes/332.json
,,,,,,,,hr2996-111,https://api.propublica.org/congress/v1/111/bills/hr2996.json,Became Public Law No: 111-88,H.R. 2996,D000327,"Making appropriations for the Department of the Interior, environment, and related agencies for the fiscal year ending September 30, 2010, and for other purposes.",Senate,111,2009-10-29,"A bill making appropriations for the Department of the Interior, environment, and related agencies for the fiscal year ending September 30, 2010, and for other purposes.",K000374,,,,,Yes,On the Conference Report,Conference Report Agreed to,331,1,18:04:00,28,0,0,72,https://api.propublica.org/congress/v1/111/senate/sessions/1/votes/331.json
,,,,,,,,hr2996-111,https://api.propublica.org/congress/v1/111/bills/hr2996.json,Became Public Law No: 111-88,H.R. 2996,D000327,"Making appropriations for the Department of the Interior, environment, and related agencies for the fiscal year ending September 30, 2010, and for other purposes.",Senate,111,2009-10-29,"A bill making appropriations for the Department of the Interior, environment, and related agencies for the fiscal year ending September 30, 2010, and for other purposes.",K000374,,,,,Yes,On the Motion,Motion Agreed to,330,1,17:36:00,40,0,0,60,https://api.propublica.org/congress/v1/111/senate/sessions/1/votes/330.json
,,,,,,,,hr3548-111,https://api.propublica.org/congress/v1/111/bills/hr3548.json,Became Public Law No: 111-92,H.R. 3548,M000404,"Worker, Homeownership, and Business Assistance Act of 2009",Senate,111,2009-10-27,"Worker, Homeownership, and Business Assistance Act of 2009 ",K000374,,,,,Yes,On the Cloture Motion,Cloture Motion Agreed to,329,1,18:00:00,13,0,0,87,https://api.propublica.org/congress/v1/111/senate/sessions/1/votes/329.json
,,,,,,,,pn715-111,,,PN715,,,Senate,111,2009-10-27,"Irene Cornelia Berger, of West Virginia, to be United States District Judge for the Southern District of West Virginia",K000374,,Irene Cornelia Berger,PN715-111,PN715,Yes,On the Nomination,Nomination Confirmed,328,1,14:21:00,0,3,0,97,https://api.propublica.org/congress/v1/111/senate/sessions/1/votes/328.json
,,,,,,,,hr2647-111,https://api.propublica.org/congress/v1/111/bills/hr2647.json,Became Public Law No: 111-84,H.R. 2647,S000465,National Defense Authorization Act for Fiscal Year 2010,Senate,111,2009-10-22,National Defense Authorization Act for Fiscal Year 2010 ,K000374,,,,,Yes,On the Conference Report,Conference Report Agreed to,327,1,16:37:00,29,3,0,68,https://api.propublica.org/congress/v1/111/senate/sessions/1/votes/327.json
,,,,,,,,hr2647-111,https://api.propublica.org/congress/v1/111/bills/hr2647.json,Became Public Law No: 111-84,H.R. 2647,S000465,National Defense Authorization Act for Fiscal Year 2010,Senate,111,2009-10-22,National Defense Authorization Act for Fiscal Year 2010 ,K000374,,,,,Yes,On the Cloture Motion,Cloture Motion Agreed to,326,1,11:54:00,35,1,0,64,https://api.propublica.org/congress/v1/111/senate/sessions/1/votes/326.json
,,,,,,,,s1776-111,https://api.propublica.org/congress/v1/111/bills/s1776.json,Senate floor actions. Status: Cloture on the motion to proceed to the bill not invoked in Senate by Yea-Nay Vote. 47 - 53. Record Vote Number: 325.,S. 1776,S000770,Medicare Physician Fairness Act of 2009,Senate,111,2009-10-21,Medicare Physician Fairness Act of 2009,K000374,,,,,Yes,On the Cloture Motion,Cloture Motion Rejected,325,1,14:34:00,53,0,0,47,https://api.propublica.org/congress/v1/111/senate/sessions/1/votes/325.json
,,,,,,,,pn716-111,,,PN716,,,Senate,111,2009-10-21,"Roberto A. Lange, of South Dakota, to be United States District Judge for the District of South Dakota",K000374,,Roberto A. Lange,PN716-111,PN716,Yes,On the Nomination,Nomination Confirmed,324,1,10:00:00,0,0,0,100,https://api.propublica.org/congress/v1/111/senate/sessions/1/votes/324.json
,,,,,,,,hr2892-111,https://api.propublica.org/congress/v1/111/bills/hr2892.json,Became Public Law No: 111-83,H.R. 2892,P000523,"Making appropriations for the Department of Homeland Security for the fiscal year ending September 30, 2010, and for other purposes.",Senate,111,2009-10-20,"A bill making appropriations for the Department of Homeland Security for the fiscal year ending September 30, 2010, and for other purposes.",K000374,,,,,Yes,On the Conference Report,Conference Report Agreed to,323,1,16:25:00,19,2,0,79,https://api.propublica.org/congress/v1/111/senate/sessions/1/votes/323.json
,,,,,,,,hr3183-111,https://api.propublica.org/congress/v1/111/bills/hr3183.json,Became Public Law No: 111-85,H.R. 3183,P000099,"Energy and Water Development and Related Agencies Appropriations Act, 2010",Senate,111,2009-10-15,"Energy and Water Development and Related Agencies Appropriations Act, 2010 ",K000374,,,,,Yes,On the Conference Report,Conference Report Agreed to,322,1,14:14:00,17,3,0,80,https://api.propublica.org/congress/v1/111/senate/sessions/1/votes/322.json
,,,,,,,,hr3183-111,https://api.propublica.org/congress/v1/111/bills/hr3183.json,Became Public Law No: 111-85,H.R. 3183,P000099,"Energy and Water Development and Related Agencies Appropriations Act, 2010",Senate,111,2009-10-14,"Energy and Water Development and Related Agencies Appropriations Act, 2010 ",K000374,,,,,Yes,On the Cloture Motion,Cloture Motion Agreed to,321,1,11:51:00,17,4,0,79,https://api.propublica.org/congress/v1/111/senate/sessions/1/votes/321.json
,,,,,,,,hr2847-111,https://api.propublica.org/congress/v1/111/bills/hr2847.json,Became Public Law No: 111-147,H.R. 2847,M000844,Hiring Incentives to Restore Employment Act,Senate,111,2009-10-13,"Resolved, That the House agree to the amendment of the Senate to the bill ",K000374,,,,,Yes,On the Cloture Motion,Cloture Motion Rejected,320,1,17:32:00,38,6,0,56,https://api.propublica.org/congress/v1/111/senate/sessions/1/votes/320.json
,,,,,,,,hr2847-111,https://api.propublica.org/congress/v1/111/bills/hr2847.json,Became Public Law No: 111-147,H.R. 2847,M000844,Hiring Incentives to Restore Employment Act,Senate,111,2009-10-08,"Resolved, That the House agree to the amendment of the Senate to the bill ",K000374,,,,,No,On the Motion to Recommit,Motion to Recommit Rejected,319,1,16:26:00,65,2,0,33,https://api.propublica.org/congress/v1/111/senate/sessions/1/votes/319.json
,,,,,,,,hr2997-111,https://api.propublica.org/congress/v1/111/bills/hr2997.json,Became Public Law No: 111-80,H.R. 2997,D000216,"Making appropriations for Agriculture, Rural Development, Food and Drug Administration, and Related Agencies programs for the fiscal year ending September 30, 2010, and for other purposes.",Senate,111,2009-10-08,"A bill making appropriations for Agriculture, Rural Development, Food and Drug Administration, and Related Agencies programs for the fiscal year ending September 30, 2010, and for other purposes.",K000374,,,,,Yes,On the Conference Report,Conference Report Agreed to,318,1,15:57:00,22,2,0,76,https://api.propublica.org/congress/v1/111/senate/sessions/1/votes/318.json
,S.Amdt. 2626,,,,,,,hr2847-111,https://api.propublica.org/congress/v1/111/bills/hr2847.json,Became Public Law No: 111-147,H.R. 2847,M000844,Hiring Incentives to Restore Employment Act,Senate,111,2009-10-08,"Resolved, That the House agree to the amendment of the Senate to the bill ",K000374,,,,,No,On the Amendment,Amendment Rejected,317,1,12:19:00,64,3,0,33,https://api.propublica.org/congress/v1/111/senate/sessions/1/votes/317.json
,S.Amdt. 2630,,,,,,,hr2847-111,https://api.propublica.org/congress/v1/111/bills/hr2847.json,Became Public Law No: 111-147,H.R. 2847,M000844,Hiring Incentives to Restore Employment Act,Senate,111,2009-10-07,"Resolved, That the House agree to the amendment of the Senate to the bill ",K000374,,,,,Yes,On the Motion to Table,Motion to Table Agreed to,316,1,17:56:00,38,1,0,61,https://api.propublica.org/congress/v1/111/senate/sessions/1/votes/316.json
,,,,,,,,hr3326-111,https://api.propublica.org/congress/v1/111/bills/hr3326.json,Became Public Law No: 111-118,H.R. 3326,M001120,"Department of Defense Appropriations Act, 2010",Senate,111,2009-10-06,"Department of Defense Appropriations Act, 2010 ",K000374,,,,,Yes,On Passage of the Bill,Bill Passed,315,1,19:03:00,7,0,0,93,https://api.propublica.org/congress/v1/111/senate/sessions/1/votes/315.json
,S.Amdt. 2583,,,,,,,hr3326-111,https://api.propublica.org/congress/v1/111/bills/hr3326.json,Became Public Law No: 111-118,H.R. 3326,M001120,"Department of Defense Appropriations Act, 2010",Senate,111,2009-10-06,"Department of Defense Appropriations Act, 2010 ",K000374,,,,,No,On the Amendment,Amendment Rejected,314,1,18:40:00,55,2,0,43,https://api.propublica.org/congress/v1/111/senate/sessions/1/votes/314.json
,S.Amdt. 2623,,,,,,,hr3326-111,https://api.propublica.org/congress/v1/111/bills/hr3326.json,Became Public Law No: 111-118,H.R. 3326,M001120,"Department of Defense Appropriations Act, 2010",Senate,111,2009-10-06,"Department of Defense Appropriations Act, 2010 ",K000374,,,,,Yes,On the Amendment,Amendment Agreed to,313,1,18:20:00,21,2,0,77,https://api.propublica.org/congress/v1/111/senate/sessions/1/votes/313.json
,S.Amdt. 2580,,,,,,,hr3326-111,https://api.propublica.org/congress/v1/111/bills/hr3326.json,Became Public Law No: 111-118,H.R. 3326,M001120,"Department of Defense Appropriations Act, 2010",Senate,111,2009-10-06,"Department of Defense Appropriations Act, 2010 ",K000374,,,,,No,On the Amendment,Amendment Rejected,312,1,18:01:00,68,2,0,30,https://api.propublica.org/congress/v1/111/senate/sessions/1/votes/312.json
,S.Amdt. 2566,,,,,,,hr3326-111,https://api.propublica.org/congress/v1/111/bills/hr3326.json,Became Public Law No: 111-118,H.R. 3326,M001120,"Department of Defense Appropriations Act, 2010",Senate,111,2009-10-06,"Department of Defense Appropriations Act, 2010 ",K000374,,,,,No,On the Amendment,Amendment Rejected,311,1,17:30:00,73,2,0,25,https://api.propublica.org/congress/v1/111/senate/sessions/1/votes/311.json
,S.Amdt. 2565,,,,,,,hr3326-111,https://api.propublica.org/congress/v1/111/bills/hr3326.json,Became Public Law No: 111-118,H.R. 3326,M001120,"Department of Defense Appropriations Act, 2010",Senate,111,2009-10-06,"Department of Defense Appropriations Act, 2010 ",K000374,,,,,No,On the Amendment,Amendment Rejected,310,1,17:12:00,70,2,0,28,https://api.propublica.org/congress/v1/111/senate/sessions/1/votes/310.json
,S.Amdt. 2596,,,,,,,hr3326-111,https://api.propublica.org/congress/v1/111/bills/hr3326.json,Became Public Law No: 111-118,H.R. 3326,M001120,"Department of Defense Appropriations Act, 2010",Senate,111,2009-10-06,"Department of Defense Appropriations Act, 2010 ",K000374,,,,,Yes,On the Amendment,Amendment Agreed to,309,1,16:54:00,7,2,0,91,https://api.propublica.org/congress/v1/111/senate/sessions/1/votes/309.json
,S.Amdt. 2588,,,,,,,hr3326-111,https://api.propublica.org/congress/v1/111/bills/hr3326.json,Became Public Law No: 111-118,H.R. 3326,M001120,"Department of Defense Appropriations Act, 2010",Senate,111,2009-10-06,"Department of Defense Appropriations Act, 2010 ",K000374,,,,,Yes,On the Amendment,Amendment Agreed to,308,1,16:37:00,30,2,0,68,https://api.propublica.org/congress/v1/111/senate/sessions/1/votes/308.json
,S.Amdt. 2567,,,,,,,hr3326-111,https://api.propublica.org/congress/v1/111/bills/hr3326.json,Became Public Law No: 111-118,H.R. 3326,M001120,"Department of Defense Appropriations Act, 2010",Senate,111,2009-10-06,"Department of Defense Appropriations Act, 2010 ",K000374,,,,,No,On the Amendment,Amendment Rejected,307,1,16:08:00,60,2,0,38,https://api.propublica.org/congress/v1/111/senate/sessions/1/votes/307.json
,,,,,,,,pn261-111,,,PN261,,,Senate,111,2009-10-06,"Thomas E. Perez, of Maryland, to be an Assistant Attorney General",K000374,,Thomas E. Perez,PN261-111,PN261,Yes,On the Nomination,Nomination Confirmed,306,1,12:14:00,22,6,0,72,https://api.propublica.org/congress/v1/111/senate/sessions/1/votes/306.json
,S.Amdt. 2575,,,,,,,hr3326-111,https://api.propublica.org/congress/v1/111/bills/hr3326.json,Became Public Law No: 111-118,H.R. 3326,M001120,"Department of Defense Appropriations Act, 2010",Senate,111,2009-10-01,"Department of Defense Appropriations Act, 2010 ",K000374,,,,,No,On the Amendment,Amendment Rejected,305,1,14:49:00,59,1,0,40,https://api.propublica.org/congress/v1/111/senate/sessions/1/votes/305.json
,S.Amdt. 2593,,,,,,,hr3326-111,https://api.propublica.org/congress/v1/111/bills/hr3326.json,Became Public Law No: 111-118,H.R. 3326,M001120,"Department of Defense Appropriations Act, 2010",Senate,111,2009-10-01,"Department of Defense Appropriations Act, 2010 ",K000374,,,,,Yes,On the Amendment,Amendment Agreed to,304,1,14:07:00,39,1,0,60,https://api.propublica.org/congress/v1/111/senate/sessions/1/votes/304.json
,S.Amdt. 2558,,,,,,,hr3326-111,https://api.propublica.org/congress/v1/111/bills/hr3326.json,Became Public Law No: 111-118,H.R. 3326,M001120,"Department of Defense Appropriations Act, 2010",Senate,111,2009-09-30,"Department of Defense Appropriations Act, 2010 ",K000374,,,,,No,On the Motion,Motion Rejected,303,1,18:34:00,64,2,0,34,https://api.propublica.org/congress/v1/111/senate/sessions/1/votes/303.json
,,,,,,,,hr2918-111,https://api.propublica.org/congress/v1/111/bills/hr2918.json,Became Public Law No: 111-68,H.R. 2918,W000797,"Making appropriations for the Legislative Branch for the fiscal year ending September 30, 2010, and for other purposes.",Senate,111,2009-09-30,"A bill making appropriations for the Legislative Branch for the fiscal year ending September 30, 2010, and for other purposes.",K000374,,,,,Yes,On the Conference Report,Conference Report Agreed to,302,1,17:21:00,38,0,0,62,https://api.propublica.org/congress/v1/111/senate/sessions/1/votes/302.json
,,,,,,,,hr2918-111,https://api.propublica.org/congress/v1/111/bills/hr2918.json,Became Public Law No: 111-68,H.R. 2918,W000797,"Making appropriations for the Legislative Branch for the fiscal year ending September 30, 2010, and for other purposes.",Senate,111,2009-09-30,"A bill making appropriations for the Legislative Branch for the fiscal year ending September 30, 2010, and for other purposes.",K000374,,,,,Yes,On the Motion,Motion Agreed to,301,1,17:04:00,39,0,0,61,https://api.propublica.org/congress/v1/111/senate/sessions/1/votes/301.json
,,,,,,,,hr2918-111,https://api.propublica.org/congress/v1/111/bills/hr2918.json,Became Public Law No: 111-68,H.R. 2918,W000797,"Making appropriations for the Legislative Branch for the fiscal year ending September 30, 2010, and for other purposes.",Senate,111,2009-09-30,"A bill making appropriations for the Legislative Branch for the fiscal year ending September 30, 2010, and for other purposes.",K000374,,,,,Yes,On the Motion,Motion Agreed to,300,1,16:36:00,39,0,0,61,https://api.propublica.org/congress/v1/111/senate/sessions/1/votes/300.json
,,,,,,,,pn681-111,,,PN681,,,Senate,111,2009-09-29,"Jeffrey L. Viken, of South Dakota, to be United States District Judge for the District of South Dakota",K000374,,Jeffrey L. Viken,PN681-111,PN681,Yes,On the Nomination,Nomination Confirmed,299,1,17:31:00,0,1,0,99,https://api.propublica.org/congress/v1/111/senate/sessions/1/votes/299.json
