amendment.number,bill.api_uri,bill.bill_id,bill.bill_uri,bill.latest_action,bill.number,bill.sponsor_id,bill.title,chamber,congress,date,description,member_id,position,question,result,roll_call,session,time,total.no,total.not_voting,total.present,total.yes,vote_uri
,,hr3539-104,https://api.propublica.org/congress/v1/104/bills/hr3539.json,Became Public Law No: 104-264.,H.R. 3539,S000394,"To amend title 49, United States Code, to reauthorize programs of the Federal Aviation Administration, and for other purposes.",Senate,104,1996-10-03,"H.R.3539, CONFERENCE REPORT; Federal Aviation Reauthorization Act of 1996",F000438,Yes,On the Conference Report,Agreed to,306,2,11:20:00,2,6,0,92,https://api.propublica.org/congress/v1/104/senate/sessions/2/votes/306.json
,,h.r.3539-104,,,H.R..3539,,,Senate,104,1996-10-03,shall the decision of the chair stand? Re: conf. rept. to H.R. 3539; Federal Aviation Reauthorization Act of 1996,F000438,No,On the Decision of the Chair,Not Sustained,305,2,10:50:00,56,5,0,39,https://api.propublica.org/congress/v1/104/senate/sessions/2/votes/305.json
,,h.r.3539-104,,,H.R..3539,,,Senate,104,1996-10-03,motion to invoke cloture on conference report on H.R.3539; Federal Aviation Reauthorization Act of 1996,F000438,Yes,On the Cloture Motion,Agreed to,304,2,10:07:00,31,3,0,66,https://api.propublica.org/congress/v1/104/senate/sessions/2/votes/304.json
,,h.r.3539-104,,,H.R..3539,,,Senate,104,1996-09-30,motion to table the motion to postpone the motion to proceed; Federal Aviation Reauthorization Act of 1996,F000438,Yes,On the Motion to Table,Agreed to,303,2,18:53:00,0,3,0,97,https://api.propublica.org/congress/v1/104/senate/sessions/2/votes/303.json
,,hr4278-104,https://api.propublica.org/congress/v1/104/bills/hr4278.json,"By amendment to the Journal on February 10, 1997, the Act was indefinetely postponed by Unanimous Consent.",H.R. 4278,L000371,"Making omnibus consolidated appropriations for the fiscal year ending September 30, 1997, and for other purposes.",Senate,104,1996-09-30,passage of H.R. 4278; Child Pornography Prevention Act of 1996,F000438,No,On Passage of the Bill,Passed,302,2,18:07:00,15,1,0,84,https://api.propublica.org/congress/v1/104/senate/sessions/2/votes/302.json
,,hr1833-104,https://api.propublica.org/congress/v1/104/bills/hr1833.json,Message on Senate action sent to the House.,H.R. 1833,C000107,"To amend title 18, United States Code, to ban partial-birth abortions.",Senate,104,1996-09-26,"To amend title 18, United States Code, to ban partial-birth abortions.",F000438,Yes,On Overriding the Veto,Veto Sustained,301,2,15:53:00,40,2,0,58,https://api.propublica.org/congress/v1/104/senate/sessions/2/votes/301.json
,,hr1350-104,https://api.propublica.org/congress/v1/104/bills/hr1350.json,Became Public Law No: 104-239.,H.R. 1350,S000718,"To amend the Merchant Marine Act, 1936 to revitalize the United States-flag merchant marine, and for other purposes.",Senate,104,1996-09-24,h.r.1350; Maritime Security Act of 1996,F000438,Yes,On Passage of the Bill,Passed,300,2,18:08:00,10,2,0,88,https://api.propublica.org/congress/v1/104/senate/sessions/2/votes/300.json
S.Amdt. 5394,,h.r.1350-104,,,H.R..1350,,,Senate,104,1996-09-24,motion to table grassley amendment no. 5394; To prohibit the use of funds received as a payment or subsidy for lobbying or public education and to prohibit the use of ...,F000438,No,On the Motion to Table ,Agreed to,299,2,17:50:00,48,2,0,50,https://api.propublica.org/congress/v1/104/senate/sessions/2/votes/299.json
S.Amdt. 5393,,h.r.1350-104,,,H.R..1350,,,Senate,104,1996-09-24,motion to table grassley amendment no. 5393; To clarify the term fair and reasonable compensation and for other purposes.,F000438,No,On the Motion to Table ,Agreed to,298,2,17:31:00,33,2,0,65,https://api.propublica.org/congress/v1/104/senate/sessions/2/votes/298.json
S.Amdt. 5396,,h.r.1350-104,,,H.R..1350,,,Senate,104,1996-09-24,motion to table harkin amendment no. 5396; To provide for payment by the Secretary of Transportation of certain ocean freight charges for Federal food or export assistance.,F000438,Yes,On the Motion to Table ,Agreed to,297,2,17:10:00,9,2,0,89,https://api.propublica.org/congress/v1/104/senate/sessions/2/votes/297.json
S.Amdt. 5391,,h.r.1350-104,,,H.R..1350,,,Senate,104,1996-09-20,motion to table grassley amendment no. 5391; To provide for a uniform system of incentive pay for certain hazardous duties performed by merchant seamen.,F000438,No,On the Motion to Table ,Agreed to,296,2,10:02:00,16,7,0,77,https://api.propublica.org/congress/v1/104/senate/sessions/2/votes/296.json
,,s39-104,https://api.propublica.org/congress/v1/104/bills/s39.json,Became Public Law No: 104-297.,S. 39,S000888,"A bill to amend the Magnuson Fishery Conservation and Management Act to authorize appropriations, to provide for sustainable fisheries, and for other purposes.",Senate,104,1996-09-19,s.39 as amended; Sustainable Fisheries Act Fisheries Financing Act,F000438,Yes,On Passage of the Bill,Passed,295,2,11:22:00,0,0,0,100,https://api.propublica.org/congress/v1/104/senate/sessions/2/votes/295.json
,,hr3675-104,https://api.propublica.org/congress/v1/104/bills/hr3675.json,Became Public Law No: 104-205.,H.R. 3675,W000672,"Making appropriations for the Department of Transportation and related agencies for the fiscal year ending September 30, 1997, and for other purposes.",Senate,104,1996-09-18,"h.r.3675 conference report; Department of Transportation and Related Agencies Appropriations Act, 1997",F000438,Yes,On the Conference Report,Agreed to,294,2,17:47:00,14,1,0,85,https://api.propublica.org/congress/v1/104/senate/sessions/2/votes/294.json
,,hr3539-104,https://api.propublica.org/congress/v1/104/bills/hr3539.json,Became Public Law No: 104-264.,H.R. 3539,S000394,"To amend title 49, United States Code, to reauthorize programs of the Federal Aviation Administration, and for other purposes.",Senate,104,1996-09-18,h.r.3539 as amended; Federal Aviation Reauthorization Act of 1996,F000438,Yes,On Passage of the Bill,Passed,293,2,14:00:00,0,1,0,99,https://api.propublica.org/congress/v1/104/senate/sessions/2/votes/293.json
,,hr3816-104,https://api.propublica.org/congress/v1/104/bills/hr3816.json,Became Public Law No: 104-206.,H.R. 3816,M001130,"Making appropriations for energy and water development for the fiscal year ending September 30, 1997, and for other purposes.",Senate,104,1996-09-17,"h.r.3816 conference report; Energy and Water Development Appropriations Act, 1997",F000438,Yes,On the Conference Report,Agreed to,292,2,14:58:00,8,0,0,92,https://api.propublica.org/congress/v1/104/senate/sessions/2/votes/292.json
S.Amdt. 5353,,h.r.3662-104,,,H.R..3662,,,Senate,104,1996-09-17,motion to table bumpers amdt no. 5353 as modified; To increase the fee charged for grazing on Federal land.,F000438,Yes,On the Motion to Table ,Rejected,291,2,14:36:00,50,0,0,50,https://api.propublica.org/congress/v1/104/senate/sessions/2/votes/291.json
S.Amdt. 5244,,h.r.3756-104,,,H.R..3756,,,Senate,104,1996-09-12,"Motion to table Kohl amdt. no. 5244; To amend title 18, United States Code, with respect to gun free schools, and for other purposes.",F000438,No,On the Motion to Table ,Rejected,290,2,19:26:00,72,1,0,27,https://api.propublica.org/congress/v1/104/senate/sessions/2/votes/290.json
S.Amdt. 5241,,h.r.3756-104,,,H.R..3756,,,Senate,104,1996-09-12,lautenberg amendment no. 5241; To prohibit persons convicted of a crime involving domestic violence from owning or possessing firearms.,F000438,Yes,On the Amendment ,Agreed to,289,2,16:34:00,2,1,0,97,https://api.propublica.org/congress/v1/104/senate/sessions/2/votes/289.json
,,h.r.3756-104,,,H.R..3756,,,Senate,104,1996-09-12,"motion to table committee amdt beginning on p.129,l.20 thru p.130,l.1; Treasury Department Appropriations Act, 1997",F000438,No,On the Motion to Table,Rejected,288,2,15:32:00,62,2,0,36,https://api.propublica.org/congress/v1/104/senate/sessions/2/votes/288.json
S.Amdt. 5279,,h.r.3756-104,,,H.R..3756,,,Senate,104,1996-09-12,"motion to table kerry amendment no. 5279; To make funds available for a study of tagging explosive materials, and for other purposes.",F000438,Yes,On the Motion to Table ,Agreed to,287,2,14:19:00,42,1,0,57,https://api.propublica.org/congress/v1/104/senate/sessions/2/votes/287.json
S.Amdt. 5256,,h.r.3756-104,,,H.R..3756,,,Senate,104,1996-09-12,reid amendment no.5256 as modified; To refer the White House Travel Office matter to the Court of Federal Claims.,F000438,No,On the Amendment ,Rejected,286,2,09:51:00,52,2,0,46,https://api.propublica.org/congress/v1/104/senate/sessions/2/votes/286.json
S.Amdt. 5224,,h.r.3756-104,,,H.R..3756,,,Senate,104,1996-09-11,"thomas amdt no 5224, as amended; To limit the use of funds to provide for Federal agencies to furnish commercially available property or services to other Federal agencies.",F000438,Yes,On the Amendment ,Agreed to,285,2,18:14:00,39,2,0,59,https://api.propublica.org/congress/v1/104/senate/sessions/2/votes/285.json
,,h.r.3756-104,,,H.R..3756,,,Senate,104,1996-09-11,"motion to table comm. amdt. on pg 80, line 20 thru pg 81, line 4; Treasury Department Appropriations Act, 1997",F000438,Yes,On the Motion to Table,Agreed to,284,2,16:18:00,45,2,0,53,https://api.propublica.org/congress/v1/104/senate/sessions/2/votes/284.json
S.Amdt. 5206,,h.r.3756-104,,,H.R..3756,,,Senate,104,1996-09-11,motion to waive cba re: wyden amdt no. 5206; To prohibit the restriction of certain types of medical communications between a health care provider and a patient.,F000438,No,On the Motion ,Rejected,283,2,14:17:00,48,1,0,51,https://api.propublica.org/congress/v1/104/senate/sessions/2/votes/283.json
S.Amdt. 5223,,h.r.3756-104,,,H.R..3756,,,Senate,104,1996-09-11,motion to table dorgan amdt no. 5223; To amend the Internal Revenue Code of 1986 to end deferral for United States shareholders on income of controlled foreign corporations attributable to ...,F000438,Yes,On the Motion to Table ,Agreed to,282,2,12:49:00,41,1,0,58,https://api.propublica.org/congress/v1/104/senate/sessions/2/votes/282.json
,,s2056-104,https://api.propublica.org/congress/v1/104/bills/s2056.json,Failed of passage in Senate by Yea-Nay Vote. 49-50. Record Vote No: 281.,S. 2056,K000105,A bill to prohibit employment discrimination on the basis of sexual orientation.,Senate,104,1996-09-10,s.2056; Employment Nondiscrimination Act of 1996,F000438,No,On Passage of the Bill,Rejected,281,2,15:41:00,50,1,0,49,https://api.propublica.org/congress/v1/104/senate/sessions/2/votes/281.json
,,hr3396-104,https://api.propublica.org/congress/v1/104/bills/hr3396.json,Became Public Law No: 104-199.,H.R. 3396,B000169,To define and protect the institution of marriage.,Senate,104,1996-09-10,To define and protect the institution of marriage.,F000438,Yes,On Passage of the Bill,Passed,280,2,14:42:00,14,1,0,85,https://api.propublica.org/congress/v1/104/senate/sessions/2/votes/280.json
,,hr3230-104,https://api.propublica.org/congress/v1/104/bills/hr3230.json,Became Public Law No: 104-201.,H.R. 3230,S000718,"An Act to authorize appropriations for fiscal year 1997 for military activities of the Department of Defense, for military construction, and for defense activities of the Department of Energy, to prescribe personnel strengths for such fiscal year for the Armed Forces, and for other purposes.",Senate,104,1996-09-10,conference report on H.R.3230; National Defense Authorization Act for Fiscal Year 1997,F000438,Yes,On the Conference Report,Agreed to,279,2,14:17:00,26,1,0,73,https://api.propublica.org/congress/v1/104/senate/sessions/2/votes/279.json
,,hr3666-104,https://api.propublica.org/congress/v1/104/bills/hr3666.json,Became Public Law No: 104-204.,H.R. 3666,L000274,"Making appropriations for the Departments of Veterans Affairs and Housing and Urban Development, and for sundry independent agencies, boards, commissions, corporations, and offices for the fiscal year ending September 30, 1997, and for other purposes.",Senate,104,1996-09-05,"H.R. 3666, as amended; Departments of Veterans Affairs and Housing and Urban Development, and Independent Agencies Appropriations Act, 1997",F000438,Yes,On Passage of the Bill,Passed,278,2,20:58:00,2,3,0,95,https://api.propublica.org/congress/v1/104/senate/sessions/2/votes/278.json
,,sres288-104,https://api.propublica.org/congress/v1/104/bills/sres288.json,"Submitted in the Senate, considered, and agreed to without amendment by Yea-Nay Vote. 96-1. Record Vote No: 277.",S.Res. 288,L000447,A resolution regarding the United States response to Iraqi aggression.,Senate,104,1996-09-05,A resolution regarding the United States response to Iraqi aggression.,F000438,Yes,On the Resolution,Agreed to,277,2,20:43:00,1,3,0,96,https://api.propublica.org/congress/v1/104/senate/sessions/2/votes/277.json
S.Amdt. 5190,,h.r.3666-104,,,H.R..3666,,,Senate,104,1996-09-05,"germaneness of Daschle amdt no. 5190; To provide benefits for certain children of Vietnam veterans who are born with spina bifada, and to offset the cost of such benefits by ...",F000438,No,Whether the Amendment is Germane ,Held Germane,276,2,22:21:00,35,3,0,62,https://api.propublica.org/congress/v1/104/senate/sessions/2/votes/276.json
S.Amdt. 5197,,h.r.3666-104,,,H.R..3666,,,Senate,104,1996-09-05,motion to table harkin amdt no. 5197; To provide that funding for Veterans medical care shall not be reduced to states.,F000438,Yes,On the Motion to Table ,Agreed to,275,2,22:04:00,37,3,0,60,https://api.propublica.org/congress/v1/104/senate/sessions/2/votes/275.json
S.Amdt. 5194,,h.r.3666-104,,,H.R..3666,,,Senate,104,1996-09-05,domenici amdt no. 5194 as amended; To provide health plan protections for individuals with a mental illness.,F000438,Yes,On the Amendment ,Agreed to,274,2,21:33:00,15,3,0,82,https://api.propublica.org/congress/v1/104/senate/sessions/2/votes/274.json
S.Amdt. 5195,,h.r.3666-104,,,H.R..3666,,,Senate,104,1996-09-05,MOTION TO TABLE BROWN AMDT NO. 5195; No Statement of Purpose on File.,F000438,No,On the Motion to Table ,Agreed to,273,2,19:32:00,22,3,0,75,https://api.propublica.org/congress/v1/104/senate/sessions/2/votes/273.json
S.Amdt. 5193,,h.r.3666-104,,,H.R..3666,,,Senate,104,1996-09-05,"frist amdt no. 5193; To require that health plans provide coverage for a minimum hospital stay for a mother and child following the birth of the child, and for other ...",F000438,Yes,On the Amendment ,Agreed to,272,2,17:34:00,0,2,0,98,https://api.propublica.org/congress/v1/104/senate/sessions/2/votes/272.json
S.Amdt. 5191,,h.r.3666-104,,,H.R..3666,,,Senate,104,1996-09-05,"helms amdt no. 5191, as modified; To increase funding for drug elimination grants.",F000438,Yes,On the Amendment ,Agreed to,271,2,15:20:00,0,2,0,98,https://api.propublica.org/congress/v1/104/senate/sessions/2/votes/271.json
,,hr3845-104,https://api.propublica.org/congress/v1/104/bills/hr3845.json,Became Public Law No: 104-194.,H.R. 3845,W000099,"Making appropriations for the government of the District of Columbia and other activities chargeable in whole or in part against revenues of said District for the fiscal year ending September 30, 1997, and for other purposes.",Senate,104,1996-09-05,"h.r.3845 conference report; District of Columbia Appropriations Act, 1997",F000438,Yes,On the Conference Report,Agreed to,270,2,10:22:00,15,2,0,83,https://api.propublica.org/congress/v1/104/senate/sessions/2/votes/270.json
,,hr3517-104,https://api.propublica.org/congress/v1/104/bills/hr3517.json,Became Public Law No: 104-196.,H.R. 3517,V000124,"Making appropriations for military construction, family housing, and base realignment and closure for the Department of Defense for the fiscal year ending September 30, 1997, and for other purposes.",Senate,104,1996-09-05,"h.r. 3517 conference report; Military Construction Appropriations Act, 1997",F000438,Yes,On the Conference Report,Agreed to,269,2,10:00:00,6,2,0,92,https://api.propublica.org/congress/v1/104/senate/sessions/2/votes/269.json
S.Amdt. 5177,,h.r.3666-104,,,H.R..3666,,,Senate,104,1996-09-04,MCCAIN AMENDMENT NO. 5177; To require a plan for the allocation of Department of Veterans Affairs health care resources.,F000438,Yes,On the Amendment ,Agreed to,268,2,17:55:00,18,3,0,79,https://api.propublica.org/congress/v1/104/senate/sessions/2/votes/268.json
S.Amdt. 5178,,h.r.3666-104,,,H.R..3666,,,Senate,104,1996-09-04,motion to table bumpers amendment no. 5178; To reduce the appropriation for the implementation of the space station program for the purpose of terminating the program.,F000438,Yes,On the Motion to Table ,Agreed to,267,2,17:28:00,36,3,0,61,https://api.propublica.org/congress/v1/104/senate/sessions/2/votes/267.json
,,h.r.3666-104,,,H.R..3666,,,Senate,104,1996-09-04,"motion to table committee amendment on page 104 lines 21-24; Departments of Veterans Affairs and Housing and Urban Development, and Independent Agencies Appropriations Act, 1997",F000438,No,On the Motion to Table,Rejected,266,2,14:15:00,54,4,0,42,https://api.propublica.org/congress/v1/104/senate/sessions/2/votes/266.json
,,hr3448-104,https://api.propublica.org/congress/v1/104/bills/hr3448.json,Became Public Law No: 104-188.,H.R. 3448,A000215,"To provide tax relief for small businesses, to protect jobs, to create opportunities, to increase the take home pay of workers, and for other purposes.",Senate,104,1996-08-02,conference report H.R. 3448; Small Business Job Protection Act of 1996,F000438,No,On the Conference Report,Agreed to,265,2,18:20:00,22,2,0,76,https://api.propublica.org/congress/v1/104/senate/sessions/2/votes/265.json
,,hr3103-104,https://api.propublica.org/congress/v1/104/bills/hr3103.json,Became Public Law No: 104-191.,H.R. 3103,A000215,"To amend the Internal Revenue Code of 1986 to improve portability and continuity of health insurance coverage in the group and individual markets, to combat waste, fraud, and abuse in health insurance and health care delivery, to promote the use of medical savings accounts, to improve access to long-term care services and coverage, to simplify the administration of health insurance, and for other purposes.",Senate,104,1996-08-02,conference report H.R. 3103; Health Insurance Portability and Accountability Act of 1996,F000438,Yes,On the Conference Report,Agreed to,264,2,17:59:00,0,2,0,98,https://api.propublica.org/congress/v1/104/senate/sessions/2/votes/264.json
,,s1316-104,https://api.propublica.org/congress/v1/104/bills/s1316.json,Became Public Law No: 104-182.,S. 1316,K000088,"A bill to reauthorize and amend title XIV of the Public Health Service Act (commonly known as the &quot;Safe Drinking Water Act&quot;), and for other purposes.",Senate,104,1996-08-02,conference report s.1316; Safe Drinking Water Act Amendments of 1996,F000438,Yes,On the Conference Report,Agreed to,263,2,16:07:00,0,2,0,98,https://api.propublica.org/congress/v1/104/senate/sessions/2/votes/263.json
,,hr3734-104,https://api.propublica.org/congress/v1/104/bills/hr3734.json,Became Public Law No: 104-193.,H.R. 3734,K000016,To provide for reconciliation pursuant to section 201(a)(1) of the concurrent resolution on the budget for fiscal year 1997.,Senate,104,1996-08-01,Conference Report H.R.3734; Welfare and Medicaid Reform Act of 1996,F000438,Yes,On the Conference Report,Agreed to,262,2,20:04:00,21,1,0,78,https://api.propublica.org/congress/v1/104/senate/sessions/2/votes/262.json
,,hr3675-104,https://api.propublica.org/congress/v1/104/bills/hr3675.json,Became Public Law No: 104-205.,H.R. 3675,W000672,"Making appropriations for the Department of Transportation and related agencies for the fiscal year ending September 30, 1997, and for other purposes.",Senate,104,1996-07-31,"h.r.3675, as amended; Department of Transportation and Related Agencies Appropriations Act, 1997",F000438,Yes,On Passage of the Bill,Passed,261,2,21:14:00,2,3,0,95,https://api.propublica.org/congress/v1/104/senate/sessions/2/votes/261.json
S.Amdt. 5141,,h.r.3675-104,,,H.R..3675,,,Senate,104,1996-07-31,Motion to table amdt. no. 5141; To require the calculation of Federal-aid highway apportionments and allocations for fiscal year 1997 to be determined so that States experience no net effect ...,F000438,No,On the Motion to Table ,Rejected,260,2,19:46:00,57,1,0,42,https://api.propublica.org/congress/v1/104/senate/sessions/2/votes/260.json
,,s1936-104,https://api.propublica.org/congress/v1/104/bills/s1936.json,Referred to the Subcommittee on Energy and Power.,S. 1936,C000858,A bill to amend the Nuclear Waste Policy Act of 1982.,Senate,104,1996-07-31,A bill to amend the Nuclear Waste Policy Act of 1982.,F000438,Yes,On Passage of the Bill,Passed,259,2,16:58:00,37,0,0,63,https://api.propublica.org/congress/v1/104/senate/sessions/2/votes/259.json
S.Amdt. 5073,,s.1936-104,,,S..1936,,,Senate,104,1996-07-31,motion to table bryan amdt no. 5073; To specify contractual obligations between DOE and waste generators.,F000438,Yes,On the Motion to Table ,Agreed to,258,2,15:27:00,27,0,0,73,https://api.propublica.org/congress/v1/104/senate/sessions/2/votes/258.json
S.Amdt. 5037,,s.1936-104,,,S..1936,,,Senate,104,1996-07-31,motion to table wellstone amdt no. 5037; To protect the taxpayer by ensuring that the Secretary of Energy does not accept title to high-level nuclear waste and spent nuclear fuel ...,F000438,Yes,On the Motion to Table ,Agreed to,257,2,11:45:00,17,0,0,83,https://api.propublica.org/congress/v1/104/senate/sessions/2/votes/257.json
S.Amdt. 5055,,s.1936-104,,,S..1936,,,Senate,104,1996-07-31,"murkowski amdt no. 5055; To provide that EPA issue standards for protection of the public from releases of radioactive materials from a permanent repository, and for other purposes.",F000438,Yes,On the Amendment ,Agreed to,256,2,10:06:00,12,2,0,86,https://api.propublica.org/congress/v1/104/senate/sessions/2/votes/256.json
S.Amdt. 5132,,h.r.3675-104,,,H.R..3675,,,Senate,104,1996-07-30,motion to table mccain amendment no. 5132; To reduce the level of funding for the National Railroad Passenger Corporation.,F000438,Not Voting,On the Motion to Table ,Agreed to,255,2,18:31:00,17,1,0,82,https://api.propublica.org/congress/v1/104/senate/sessions/2/votes/255.json
,,hr3754-104,https://api.propublica.org/congress/v1/104/bills/hr3754.json,Became Public Law No: 104-197.,H.R. 3754,P000005,"Making appropriations for the Legislative Branch for the fiscal year ending September 30, 1997, and for other purposes.",Senate,104,1996-07-30,"h.r.3754 as amended; Legislative Branch Appropriations Act, 1997",F000438,Not Voting,On Passage of the Bill,Passed,254,2,15:00:00,6,1,0,93,https://api.propublica.org/congress/v1/104/senate/sessions/2/votes/254.json
,,hr3816-104,https://api.propublica.org/congress/v1/104/bills/hr3816.json,Became Public Law No: 104-206.,H.R. 3816,M001130,"Making appropriations for energy and water development for the fiscal year ending September 30, 1997, and for other purposes.",Senate,104,1996-07-30,"h.r.3816 as amended; Energy and Water Development Appropriations Act, 1997",F000438,Not Voting,On Passage of the Bill,Passed,253,2,12:20:00,6,1,0,93,https://api.propublica.org/congress/v1/104/senate/sessions/2/votes/253.json
S.Amdt. 5100,,s.1959-104,,,S..1959,,,Senate,104,1996-07-30,motion to table the grams amendment no.5100; To limit funding for Appalachian Regional Commission at House-passed level and require the Commission to be phased out in 5 years.,F000438,Not Voting,On the Motion to Table ,Agreed to,252,2,11:53:00,30,1,0,69,https://api.propublica.org/congress/v1/104/senate/sessions/2/votes/252.json
S.Amdt. 5106,,s.1959-104,,,S..1959,,,Senate,104,1996-07-30,motion to table feingold amendment no. 5106; To eliminate funding for the Animas-LaPlata Participating Project.,F000438,Not Voting,On the Motion to Table ,Agreed to,251,2,11:21:00,33,2,0,65,https://api.propublica.org/congress/v1/104/senate/sessions/2/votes/251.json
S.Amdt. 5096,,s.1959-104,,,S..1959,,,Senate,104,1996-07-30,motion to table the bumpers amendment no. 5096; To reduce funding for the Weapons Activities Account to the level requested by the Administration.,F000438,Not Voting,On the Motion to Table ,Agreed to,250,2,10:52:00,37,2,0,61,https://api.propublica.org/congress/v1/104/senate/sessions/2/votes/250.json
S.Amdt. 5095,,s.1959-104,,,S..1959,,,Senate,104,1996-07-30,motion to table mccain amendment no. 5095; To prohibit the use of funds to carry out the advanced light water reactor program.,F000438,Not Voting,On the Motion to Table ,Agreed to,249,2,10:14:00,45,2,0,53,https://api.propublica.org/congress/v1/104/senate/sessions/2/votes/249.json
,,hr3540-104,https://api.propublica.org/congress/v1/104/bills/hr3540.json,Conference held.,H.R. 3540,C000052,"Making appropriations for foreign operations, export financing, and related programs for the fiscal year ending September 30, 1997, and for other purposes.",Senate,104,1996-07-26,"h.r.3540 as amended; Foreign Operations, Export Financing, and Related Programs Appropriations Act, 1997",F000438,Yes,On Passage of the Bill,Passed,248,2,10:26:00,7,0,0,93,https://api.propublica.org/congress/v1/104/senate/sessions/2/votes/248.json
S.Amdt. 5078,,h.r.3540-104,,,H.R..3540,,,Senate,104,1996-07-26,lieberman amendment no.5078 as amended; To reallocate funds for the Korean Peninsula Energy Development Organization.,F000438,No,On the Amendment ,Agreed to,247,2,10:05:00,27,0,0,73,https://api.propublica.org/congress/v1/104/senate/sessions/2/votes/247.json
S.Amdt. 5088,,h.r.3540-104,,,H.R..3540,,,Senate,104,1996-07-26,simpson amendment no. 5088; To strike the provision which extends reduced refugee standards for certain groups.,F000438,No,On the Amendment ,Rejected,246,2,09:36:00,78,0,0,22,https://api.propublica.org/congress/v1/104/senate/sessions/2/votes/246.json
S.Amdt. 5058,,h.r.3540-104,,,H.R..3540,,,Senate,104,1996-07-25,"BROWN AMDT NO. 5058, AS MODIFIED FURTHERE; To amend the NATO Participation Act of 1994 to expedite the transition to full membership in the North Atlantic Treaty Organization of emerging ...",F000438,Yes,On the Amendment ,Agreed to,245,2,21:33:00,16,3,0,81,https://api.propublica.org/congress/v1/104/senate/sessions/2/votes/245.json
S.Amdt. 5018,,h.r.3540-104,,,H.R..3540,,,Senate,104,1996-07-25,"coverdell amdt no. 5018; To increase the amount of funds available for international narcotics control programs, offset by reductions in other appropriations.",F000438,Yes,On the Amendment ,Agreed to,244,2,21:10:00,46,3,0,51,https://api.propublica.org/congress/v1/104/senate/sessions/2/votes/244.json
S.Amdt. 5019,,h.r.3540-104,,,H.R..3540,,,Senate,104,1996-07-25,"motion to table cohen amdt no. 5019; To promote the improvement of the lives of the peoples of Burma through democratization, market reforms and personal freedom.",F000438,Yes,On the Motion to Table ,Rejected,243,2,19:21:00,54,1,0,45,https://api.propublica.org/congress/v1/104/senate/sessions/2/votes/243.json
S.Amdt. 5047,,h.r.3540-104,,,H.R..3540,,,Senate,104,1996-07-25,Domeniciamdt. no. 5047; To restrict the availability of funds under the Act for Mexico until drug kingpins are extradited or prosecuted.,F000438,Yes,On the Amendment ,Agreed to,242,2,18:19:00,3,1,0,96,https://api.propublica.org/congress/v1/104/senate/sessions/2/votes/242.json
S.Amdt. 5045,,h.r.3540-104,,,H.R..3540,,,Senate,104,1996-07-25,motion to table dorgan amdt no. 5045; To provide congressional review of and clear standards for the eligibility of foreign governments to be considered for United States military assistance and ...,F000438,Yes,On the Motion to Table ,Agreed to,241,2,17:53:00,35,0,0,65,https://api.propublica.org/congress/v1/104/senate/sessions/2/votes/241.json
S.Amdt. 5028,,h.r.3540-104,,,H.R..3540,,,Senate,104,1996-07-25,helms amdt no. 5028; To prohibit United States voluntary contributions to the United Nations and its specialized agencies if the United Nations attemps to implement or impose taxation on United ...,F000438,Yes,On the Amendment ,Agreed to,240,2,15:04:00,28,2,0,70,https://api.propublica.org/congress/v1/104/senate/sessions/2/votes/240.json
S.Amdt. 5027,,h.r.3540-104,,,H.R..3540,,,Senate,104,1996-07-25,smith amdt no. 5027; To strike funds made available for the Socialist Republic of Vietnam.,F000438,Yes,On the Amendment ,Rejected,239,2,14:33:00,56,1,0,43,https://api.propublica.org/congress/v1/104/senate/sessions/2/votes/239.json
S.Amdt. 5017,,h.r.3540-104,,,H.R..3540,,,Senate,104,1996-07-25,"mccain amdt no. 5017, as modified; To require information on cooperation with United States anti-terrorism efforts in the annual country reports on terrorism.",F000438,Yes,On the Amendment ,Agreed to,238,2,10:01:00,0,4,0,96,https://api.propublica.org/congress/v1/104/senate/sessions/2/votes/238.json
,,hr3603-104,https://api.propublica.org/congress/v1/104/bills/hr3603.json,Became Public Law No: 104-180.,H.R. 3603,S000463,"Making appropriations for Agriculture, Rural Development, Food and Drug Administration, and Related Agencies programs for the fiscal year ending September 30, 1997, and for other purposes.",Senate,104,1996-07-24,"h.r.3603 as amended; Agriculture, Rural Development, Food and Drug Administration, and Related Agencies Appropriations Act, 1997",F000438,Yes,On Passage of the Bill,Passed,237,2,18:29:00,1,2,0,97,https://api.propublica.org/congress/v1/104/senate/sessions/2/votes/237.json
S.Amdt. 4977,,h.r.3603-104,,,H.R..3603,,,Senate,104,1996-07-24,motion to table bryan amendment no.4977; To limit funding for the market access program.,F000438,Yes,On the Motion to Table ,Agreed to,236,2,12:02:00,42,3,0,55,https://api.propublica.org/congress/v1/104/senate/sessions/2/votes/236.json
S.Amdt. 4967,,h.r.3603-104,,,H.R..3603,,,Senate,104,1996-07-24,motion to table santorum amendment no. 4967; To prohibit the use of funds to carry out a peanut program that is operated by a marketing association if the Secretary of ...,F000438,Yes,On the Motion to Table ,Agreed to,235,2,11:42:00,37,2,0,61,https://api.propublica.org/congress/v1/104/senate/sessions/2/votes/235.json
S.Amdt. 4995,,h.r.3603-104,,,H.R..3603,,,Senate,104,1996-07-24,"motion to table santorum amendment no.4995; To prohibit the use of funds to provide a total amount of nonrecourse loans to producers for peanuts in excess of $125,000.",F000438,Yes,On the Motion to Table ,Agreed to,234,2,11:14:00,34,2,0,64,https://api.propublica.org/congress/v1/104/senate/sessions/2/votes/234.json
S.Amdt. 4959,,h.r.3603-104,,,H.R..3603,,,Senate,104,1996-07-23,motion to table gregg amdt no. 4959; To prohibit the use of funds to make loans to large processors of sugarcane and sugar beets unless the loans require the processors ...,F000438,Yes,On the Motion to Table ,Agreed to,233,2,18:41:00,35,2,0,63,https://api.propublica.org/congress/v1/104/senate/sessions/2/votes/233.json
,,hr3734-104,https://api.propublica.org/congress/v1/104/bills/hr3734.json,Became Public Law No: 104-193.,H.R. 3734,K000016,To provide for reconciliation pursuant to section 201(a)(1) of the concurrent resolution on the budget for fiscal year 1997.,Senate,104,1996-07-23,"h.r.3734, as amended; Welfare and Medicaid Reform Act of 1996",F000438,Yes,On Passage of the Bill,Passed,232,2,18:12:00,24,2,0,74,https://api.propublica.org/congress/v1/104/senate/sessions/2/votes/232.json
,,s.1956-104,,,S..1956,,,Senate,104,1996-07-23,"motion to waive cba re: sec. 2909, pg 651, ln11 thru pg 654, ln 2; Personal Responsibility, Work Opportunity and Medicaid Restructuring Act of 1996",F000438,Yes,On the Motion,Rejected,231,2,17:19:00,46,2,0,52,https://api.propublica.org/congress/v1/104/senate/sessions/2/votes/231.json
S.Amdt. 4956,,s.1956-104,,,S..1956,,,Senate,104,1996-07-23,"motion to waive cba re: kennedy amdt no. 4956; To allow a 2-year implementation period under the medicaid program for implementation of the attribution of sponsor&#39;s income, the 5-year ban, ...",F000438,No,On the Motion ,Rejected,228,2,16:06:00,64,1,0,35,https://api.propublica.org/congress/v1/104/senate/sessions/2/votes/228.json
S.Amdt. 4955,,s.1956-104,,,S..1956,,,Senate,104,1996-07-23,Motion to waive - Kennedy amdt. no. 4955; To permit assistance to be provided to needy or disabled legal immigrant children when sponsors cannot provide reimbursement.,F000438,No,On the Motion ,Rejected,227,2,15:48:00,48,1,0,51,https://api.propublica.org/congress/v1/104/senate/sessions/2/votes/227.json
S.Amdt. 4952,,s.1956-104,,,S..1956,,,Senate,104,1996-07-23,graham amdt no. 4952; To strike additional penalties for consecutive failure to satisfy minimum participation rates.,F000438,Yes,On the Motion to Table ,Agreed to,226,2,15:31:00,43,1,0,56,https://api.propublica.org/congress/v1/104/senate/sessions/2/votes/226.json
S.Amdt. 4942,,s.1956-104,,,S..1956,,,Senate,104,1996-07-23,ashcroft amdt no. 4942; To provide that a family may not receive TANF assistance for more than 24 consecutive months at a time unless an adult in the family is ...,F000438,Yes,On the Amendment ,Rejected,225,2,15:09:00,62,1,0,37,https://api.propublica.org/congress/v1/104/senate/sessions/2/votes/225.json
S.Amdt. 4940,,s.1956-104,,,S..1956,,,Senate,104,1996-07-23,"motion to table motion to reconsider vote no. 223; To allow States the option to provide non-cash assistance to children after the 5-year time limit, as provided in report number ...",F000438,Yes,On the Motion to Table the Motion to Reconsider ,Agreed to,224,2,14:45:00,49,1,0,50,https://api.propublica.org/congress/v1/104/senate/sessions/2/votes/224.json
S.Amdt. 4940,,s.1956-104,,,S..1956,,,Senate,104,1996-07-23,"ford amdt no. 4940; To allow States the option to provide non-cash assistance to children after the 5-year time limit, as provided in report number 104-430 (the conference report to ...",F000438,No,On the Amendment ,Rejected,223,2,14:28:00,51,1,0,48,https://api.propublica.org/congress/v1/104/senate/sessions/2/votes/223.json
S.Amdt. 4936,,s.1956-104,,,S..1956,,,Senate,104,1996-07-23,graham amdt no. 4936; To modify the formula for determining a State family assistance grant to include the number of children in poverty residing in a State.,F000438,Yes,On the Amendment ,Rejected,222,2,14:05:00,60,3,0,37,https://api.propublica.org/congress/v1/104/senate/sessions/2/votes/222.json
S.Amdt. 4939,,s.1956-104,,,S..1956,,,Senate,104,1996-07-23,motion to waive cba re: shelby amdt no. 4939; To amend the Internal Revenue Code of 1986 to provide a refundable credit for adoption expenses and to exclude from gross ...,F000438,Yes,On the Motion ,Agreed to,221,2,12:19:00,21,1,0,78,https://api.propublica.org/congress/v1/104/senate/sessions/2/votes/221.json
S.Amdt. 4930,,s.1956-104,,,S..1956,,,Senate,104,1996-07-23,motion to table helms amdt no. 4930; To strengthen food stamp work requirements.,F000438,No,On the Motion to Table ,Agreed to,220,2,11:59:00,43,1,0,56,https://api.propublica.org/congress/v1/104/senate/sessions/2/votes/220.json
S.Amdt. 4935,,s.1956-104,,,S..1956,,,Senate,104,1996-07-23,"motion to waive cba re: santorum for gramm amdt no.4935; To deny welfare benefits to individuals convicted of illegal drug possession, use or distribution.",F000438,Yes,On the Motion ,Agreed to,219,2,11:39:00,25,1,0,74,https://api.propublica.org/congress/v1/104/senate/sessions/2/votes/219.json
S.Amdt. 4934,,s.1956-104,,,S..1956,,,Senate,104,1996-07-23,conrad amdt no. 4934; To strike the State food assistance block grant.,F000438,No,On the Amendment ,Agreed to,218,2,11:20:00,45,2,0,53,https://api.propublica.org/congress/v1/104/senate/sessions/2/votes/218.json
S.Amdt. 4932,,s.1956-104,,,S..1956,,,Senate,104,1996-07-23,"roth amdt no. 4932; To maintain the eligibility for medicaid for any individual who is receiving medicaid based on their receipt of AFDC, foster care or adoption assistance, and to ...",F000438,Yes,On the Amendment ,Rejected,217,2,11:03:00,68,1,0,31,https://api.propublica.org/congress/v1/104/senate/sessions/2/votes/217.json
S.Amdt. 4933,,s.1956-104,,,S..1956,,,Senate,104,1996-07-23,chafee amdt no. 4933; To maintain current eligibility standards for medicaid and provide additional State flexibility.,F000438,Yes,On the Amendment ,Agreed to,216,2,10:47:00,2,1,0,97,https://api.propublica.org/congress/v1/104/senate/sessions/2/votes/216.json
S.Amdt. 4929,,s.1956-104,,,S..1956,,,Senate,104,1996-07-23,motion to waive cba re: feinstein amdt no. 4929; To provide a ban on SSI apply to those entering the country on or after the enactment of this bill.,F000438,No,On the Motion ,Rejected,215,2,10:32:00,52,2,0,46,https://api.propublica.org/congress/v1/104/senate/sessions/2/votes/215.json
S.Amdt. 4927,,s.1956-104,,,S..1956,,,Senate,104,1996-07-23,d&#39;amato amdt no. 4927; To require welfare recipients to participate in gainful community service.,F000438,Yes,On the Amendment ,Agreed to,214,2,10:16:00,0,1,0,99,https://api.propublica.org/congress/v1/104/senate/sessions/2/votes/214.json
S.Amdt. 4916,,s.1956-104,,,S..1956,,,Senate,104,1996-07-23,motion to table harkin amdt no. 4916; To strike amendments to child nutrition requirements.,F000438,Yes,On the Motion to Table ,Agreed to,213,2,10:00:00,43,1,0,56,https://api.propublica.org/congress/v1/104/senate/sessions/2/votes/213.json
S.Amdt. 4905,,s.1956-104,,,S..1956,,,Senate,104,1996-07-23,"motion to waive cba re: faircloth amdt no. 4905; To prohibit recruitment activities in SSI outreach programs, demonstration projects, and other administrative activities.",F000438,Yes,On the Motion ,Rejected,212,2,09:35:00,57,2,0,41,https://api.propublica.org/congress/v1/104/senate/sessions/2/votes/212.json
S.Amdt. 4921,,s.1956-104,,,S..1956,,,Senate,104,1996-07-19,motion to table graham amdt no. 4921; To strike the provisions restricting welfare and public benefits for aliens.,F000438,Yes,On the Motion to Table ,Agreed to,211,2,11:29:00,34,4,0,62,https://api.propublica.org/congress/v1/104/senate/sessions/2/votes/211.json
S.Amdt. 4918,,s.1956-104,,,S..1956,,,Senate,104,1996-07-19,motion to waive cba re: wellstone amdt no. 4918; To revise this legislation if it increases the number of impoverished children in this Nation.,F000438,No,On the Motion ,Rejected,210,2,11:06:00,50,4,0,46,https://api.propublica.org/congress/v1/104/senate/sessions/2/votes/210.json
S.Amdt. 4917,,s.1956-104,,,S..1956,,,Senate,104,1996-07-19,motion to waive cba re: ashcroft amdt no. 4917; To ensure that recipients or caretakers of minor recipients of means-tested benefits programs are held responsible for ensuring that their minor ...,F000438,Yes,On the Motion ,Rejected,209,2,10:46:00,40,2,0,58,https://api.propublica.org/congress/v1/104/senate/sessions/2/votes/209.json
S.Amdt. 4914,,s.1956-104,,,S..1956,,,Senate,104,1996-07-19,motion to waive cba re: frist amdt no. 4914 as modified; Expressing the sense of Congress that the President should ensure approval of State waiver requests.,F000438,Yes,On the Motion ,Rejected,208,2,10:27:00,43,2,0,55,https://api.propublica.org/congress/v1/104/senate/sessions/2/votes/208.json
S.Amdt. 4912,,s.1956-104,,,S..1956,,,Senate,104,1996-07-19,motion to waive cba re: biden amdt no. 4912; In the nature of a substitute.,F000438,No,On the Motion ,Rejected,207,2,10:09:00,61,2,0,37,https://api.propublica.org/congress/v1/104/senate/sessions/2/votes/207.json
S.Amdt. 4911,,s.1956-104,,,S..1956,,,Senate,104,1996-07-19,feinstein amdt no. 4911; To address multi-generational welfare dependency.,F000438,No,On the Amendment ,Rejected,206,2,09:52:00,77,2,0,21,https://api.propublica.org/congress/v1/104/senate/sessions/2/votes/206.json
S.Amdt. 4910,,s.1956-104,,,S..1956,,,Senate,104,1996-07-19,motion to waive cba re: Breaux amdt no. 4910; To ensure needy children receive non-cash assistance to provide for basic needs until the Federal 5-year time limit applies.,F000438,No,On the Motion ,Rejected,205,2,09:24:00,47,2,0,51,https://api.propublica.org/congress/v1/104/senate/sessions/2/votes/205.json
S.Amdt. 4902,,s.1956-104,,,S..1956,,,Senate,104,1996-07-18,dodd amendment no.4902; No Statement of Purpose on File.,F000438,Yes,On the Amendment ,Agreed to,204,2,18:25:00,0,4,0,96,https://api.propublica.org/congress/v1/104/senate/sessions/2/votes/204.json
S.Amdt. 4901,,s.1956-104,,,S..1956,,,Senate,104,1996-07-18,motion to waive c.b.r. Re: ashcroft amendment no.4901; To ensure that welfare recipients are drug-free as a condition for receiving welfare assistance from the American taxpayers.,F000438,Yes,On the Motion ,Rejected,203,2,17:41:00,47,3,0,50,https://api.propublica.org/congress/v1/104/senate/sessions/2/votes/203.json
,,sres280-104,https://api.propublica.org/congress/v1/104/bills/sres280.json,"Submitted in the Senate, considered, and agreed to without amendment and with a preamble by Yea-Nay Vote. 98-0. Record Vote No: 202.",S.Res. 280,S000709,A resolution expressing the sense of the Senate regarding the tragic crash TWA of Flight 800.,Senate,104,1996-07-18,s.res.280; A resolution expressing the sense of the Senate regarding the tragic crash TWA of Flight 800.,F000438,Yes,On the Resolution,Agreed to,202,2,16:39:00,0,2,0,98,https://api.propublica.org/congress/v1/104/senate/sessions/2/votes/202.json
S.Amdt. 4897,,s.1956-104,,,S..1956,,,Senate,104,1996-07-18,Daschle amdt. no. 4897; To provide a complete substitute.,F000438,No,On the Amendment ,Rejected,201,2,16:13:00,53,1,0,46,https://api.propublica.org/congress/v1/104/senate/sessions/2/votes/201.json
,,hr3610-104,https://api.propublica.org/congress/v1/104/bills/hr3610.json,Became Public Law No: 104-208.,H.R. 3610,Y000031,"Making appropriations for the Department of Defense for the fiscal year ending September 30, 1997, and for other purposes.",Senate,104,1996-07-18,"h.r.3610 as amended; Omnibus Consolidated Appropriations Act, 1997",F000438,Yes,On Passage of the Bill,Passed,200,2,10:27:00,27,1,0,72,https://api.propublica.org/congress/v1/104/senate/sessions/2/votes/200.json
S.Amdt. 4893,,s.1894-104,,,S..1894,,,Senate,104,1996-07-18,"Motion to table levin amendment no.4893; To strike out funding for new production of F-16 aircraft in excess of six aircraft, and to transfer the funding to increase funding for ...",F000438,Yes,On the Motion to Table ,Agreed to,199,2,10:06:00,41,1,0,58,https://api.propublica.org/congress/v1/104/senate/sessions/2/votes/199.json
S.Amdt. 4492,,s.1894-104,,,S..1894,,,Senate,104,1996-07-18,motion to table harkin amendment no.4492; Relating to payments by the Department of Defense of restructuring costs associated with business combinations.,F000438,Yes,On the Motion to Table ,Agreed to,198,2,09:36:00,27,2,0,71,https://api.propublica.org/congress/v1/104/senate/sessions/2/votes/198.json
S.Amdt. 4891,,s.1894-104,,,S..1894,,,Senate,104,1996-07-17,bumpers amdt no. 4891; To reduce procurement of F/A-18C/D fighters to six aircraft.,F000438,No,On the Amendment ,Rejected,197,2,18:29:00,56,0,0,44,https://api.propublica.org/congress/v1/104/senate/sessions/2/votes/197.json
S.Amdt. 4463,,s.1894-104,,,S..1894,,,Senate,104,1996-07-17,Motion to table Amdt. No. 4463; To prohibit the use of funds for support of more than 68 general officers of the Marine Corps on active duty.,F000438,Yes,On the Motion to Table ,Agreed to,196,2,17:40:00,21,0,0,79,https://api.propublica.org/congress/v1/104/senate/sessions/2/votes/196.json
S.Amdt. 4453,,s.1894-104,,,S..1894,,,Senate,104,1996-07-17,"nunn amdt no. 4453; To provide $150,000,000 for defending the United States against weapons of mass destruction, and to provide offsetting reductions in other appropriation amounts.",F000438,Yes,On the Amendment ,Agreed to,195,2,16:15:00,0,0,0,100,https://api.propublica.org/congress/v1/104/senate/sessions/2/votes/195.json
S.Amdt. 4591,,s.1894-104,,,S..1894,,,Senate,104,1996-07-17,motion to table simon amdt no. 4591; To ensure that work under Department of Defense contracts is performed in the United States.,F000438,Yes,On the Motion to Table ,Agreed to,194,2,12:58:00,29,2,0,69,https://api.propublica.org/congress/v1/104/senate/sessions/2/votes/194.json
,,s.1936-104,,,S..1936,,,Senate,104,1996-07-16,motion to invoke cloture on the motion to proceed to consideration; Nuclear Waste Policy Act of 1996,F000438,Yes,On the Cloture Motion,Agreed to,193,2,10:09:00,34,1,0,65,https://api.propublica.org/congress/v1/104/senate/sessions/2/votes/193.json
,,s.1894-104,,,S..1894,,,Senate,104,1996-07-11,"MOTION TO INSTRUCT SGT. AT ARMS; Department of Defense Appropriations Act, 1997",F000438,Yes,On the Motion for Attendance,Agreed to,192,2,13:19:00,2,5,0,93,https://api.propublica.org/congress/v1/104/senate/sessions/2/votes/192.json
,,hr743-104,https://api.propublica.org/congress/v1/104/bills/hr743.json,On motion to refer the bill and the accompanying veto message to the Committee on Economic and Educational Opportunities. Agreed to without objection.,H.R. 743,G000524,"To amend the National Labor Relations Act to allow labor management cooperative efforts that improve economic competitiveness in the United States to continue to thrive, and for other purposes.",Senate,104,1996-07-10,h.r.743 as amended; Teamwork for Employees and Managers Act of 1995,F000438,Yes,On Passage of the Bill,Passed,191,2,13:23:00,46,1,0,53,https://api.propublica.org/congress/v1/104/senate/sessions/2/votes/191.json
S.Amdt. 4438,,s.295-104,,,S..295,,,Senate,104,1996-07-10,kassebaum amendment no.4438; No Statement of Purpose on File.,F000438,Yes,On the Amendment ,Agreed to,190,2,13:08:00,38,1,0,61,https://api.propublica.org/congress/v1/104/senate/sessions/2/votes/190.json
S.Amdt. 4437,,s.295-104,,,S..295,,,Senate,104,1996-07-10,"dorgan amendment no. 4437, as modified; To provide for a substitute amendment.",F000438,No,On the Amendment ,Rejected,189,2,12:51:00,63,1,0,36,https://api.propublica.org/congress/v1/104/senate/sessions/2/votes/189.json
,,s1788-104,https://api.propublica.org/congress/v1/104/bills/s1788.json,Cloture on the motion to proceed not invoked in Senate by Yea-Nay Vote. 31-68. Record Vote No: 188.,S. 1788,F000437,"A bill to amend the National Labor Relations Act and the Railway Labor Act to repeal those provisions of Federal law that require employees to pay union dues or fees as a condition of employment, and for other purposes.",Senate,104,1996-07-10,motion to invoke cloture on motion to proceed to consider s.1788; National Right to Work Act of 1995,F000438,Yes,On the Cloture Motion,Rejected,188,2,12:35:00,68,1,0,31,https://api.propublica.org/congress/v1/104/senate/sessions/2/votes/188.json
,,s1745-104,https://api.propublica.org/congress/v1/104/bills/s1745.json,Held at the desk.,S. 1745,T000254,"An Act to authorize appropriations for fiscal year 1997 for military activities of the Department of Defense, for military construction, and for defense activities of the Department of Energy, to prescribe personnel stengths for such fiscal year for the Armed Forces, and for other purposes.",Senate,104,1996-07-10,S.1745 as amended; National Defense Authorization Act for Fiscal Year 1997,F000438,Yes,On Passage of the Bill,Passed,187,2,12:04:00,31,1,0,68,https://api.propublica.org/congress/v1/104/senate/sessions/2/votes/187.json
,,hr3448-104,https://api.propublica.org/congress/v1/104/bills/hr3448.json,Became Public Law No: 104-188.,H.R. 3448,A000215,"To provide tax relief for small businesses, to protect jobs, to create opportunities, to increase the take home pay of workers, and for other purposes.",Senate,104,1996-07-09,"h.r.3448, as amended; Small Business Job Protection Act of 1996",F000438,No,On Passage of the Bill,Passed,186,2,15:10:00,24,2,0,74,https://api.propublica.org/congress/v1/104/senate/sessions/2/votes/186.json
S.Amdt. 4436,,h.r.3448-104,,,H.R..3448,,,Senate,104,1996-07-09,"roth amdt no. 4436, as modified; To provide additional amendments.",F000438,Yes,On the Amendment ,Agreed to,185,2,14:55:00,2,2,0,96,https://api.propublica.org/congress/v1/104/senate/sessions/2/votes/185.json
S.Amdt. 4435,,h.r.3448-104,,,H.R..3448,,,Senate,104,1996-07-09,kennedy amdt no. 4435; To amend the Fair Labor Standards Act of 1938 to provide for an increase in the minimum wage rate and to exempt computer professionals from the ...,F000438,No,On the Amendment ,Rejected,184,2,14:42:00,52,2,0,46,https://api.propublica.org/congress/v1/104/senate/sessions/2/votes/184.json
S.Amdt. 4272,,h.r.3448-104,,,H.R..3448,,,Senate,104,1996-07-09,bond amdt no. 4272; To modify the payment of wages provisions.,F000438,Yes,On the Amendment ,Rejected,183,2,14:22:00,52,2,0,46,https://api.propublica.org/congress/v1/104/senate/sessions/2/votes/183.json
S.Amdt. 4367,,s.1745-104,,,S..1745,,,Senate,104,1996-06-28,nunn amdt no. 4367; To require the President to submit a report on NATO enlargement to Congress.,F000438,Yes,On the Amendment ,Agreed to,182,2,12:32:00,0,3,0,97,https://api.propublica.org/congress/v1/104/senate/sessions/2/votes/182.json
,,s.1745-104,,,S..1745,,,Senate,104,1996-06-28,"s.1745, Second cloture vote; National Defense Authorization Act for Fiscal Year 1997",F000438,Yes,On the Cloture Motion,Rejected,181,2,09:30:00,43,4,0,53,https://api.propublica.org/congress/v1/104/senate/sessions/2/votes/181.json
S.Amdt. 4369,,s.1745-104,,,S..1745,,,Senate,104,1996-06-27,cohen amendment no.4369; To authorize additional disposals of material from the National Defense Stockpile.,F000438,Yes,On the Amendment ,Agreed to,180,2,22:24:00,18,8,0,74,https://api.propublica.org/congress/v1/104/senate/sessions/2/votes/180.json
S.Amdt. 4366,,s.1745-104,,,S..1745,,,Senate,104,1996-06-27,"hatch amendment no.4366; To provide equitable relief for the generic drug industry, and for other purposes.",F000438,Yes,On the Amendment ,Agreed to,179,2,17:04:00,45,1,1,53,https://api.propublica.org/congress/v1/104/senate/sessions/2/votes/179.json
S.Amdt. 4218,,s.1745-104,,,S..1745,,,Senate,104,1996-06-27,"Motion to table Lautenberg amemdment; To eliminate taxpayer subsidies for recreational shooting programs, and to prevent the transfer of federally-owned weapons, ammunition, funds, and other property to a private Corporation ...",F000438,Yes,On the Motion to Table ,Agreed to,178,2,15:45:00,29,0,0,71,https://api.propublica.org/congress/v1/104/senate/sessions/2/votes/178.json
S.Amdt. 4349,,s.1745-104,,,S..1745,,,Senate,104,1996-06-27,nunn amdt no. 4349; To take measures to protect the security of the United States from proliferation and use of weapons of mass destruction.,F000438,Yes,On the Amendment ,Agreed to,177,2,09:40:00,0,4,0,96,https://api.propublica.org/congress/v1/104/senate/sessions/2/votes/177.json
S.Amdt. 4049,,s.1745-104,,,S..1745,,,Senate,104,1996-06-26,motion to table kyl amdt no. 4049; To authorize underground nuclear testing under limited conditions.,F000438,No,On the Motion to Table ,Agreed to,176,2,20:40:00,45,2,0,53,https://api.propublica.org/congress/v1/104/senate/sessions/2/votes/176.json
S.Amdt. 4347,,s.1745-104,,,S..1745,,,Senate,104,1996-06-26,motin to table wellstone amdt no. 4347; To restore funding for certain educational and employment assistance programs to levels requested by the President by authorizing the Secretary of Defense to ...,F000438,Yes,On the Motion to Table ,Agreed to,175,2,18:59:00,40,0,0,60,https://api.propublica.org/congress/v1/104/senate/sessions/2/votes/175.json
S.Amdt. 4346,,s.1745-104,,,S..1745,,,Senate,104,1996-06-26,thurmond amdt no. 4346; To reduce the total funding authorized in the bill for the national defense function to the level provided in the Concurrent Resolution on the Budget for ...,F000438,Yes,On the Amendment ,Agreed to,174,2,18:43:00,0,0,0,100,https://api.propublica.org/congress/v1/104/senate/sessions/2/votes/174.json
S.Amdt. 4345,,s.1745-104,,,S..1745,,,Senate,104,1996-06-26,exon amdt no. 4345; To ensure that the total amount authorized to be appropriated by the bill does not exceed the total amount of the authorizations of appropriations reported by ...,F000438,No,On the Amendment ,Rejected,173,2,18:20:00,55,0,0,45,https://api.propublica.org/congress/v1/104/senate/sessions/2/votes/173.json
S.Amdt. 4266,,s.1745-104,,,S..1745,,,Senate,104,1996-06-26,wellstone amdt no. 4266; To limit the total amount authorized to be appropriated by the bill to the amount requested by the President and to apply the excess to budget ...,F000438,No,On the Amendment ,Rejected,172,2,13:41:00,65,1,0,34,https://api.propublica.org/congress/v1/104/senate/sessions/2/votes/172.json
,,hr3525-104,https://api.propublica.org/congress/v1/104/bills/hr3525.json,Became Public Law No: 104-155.,H.R. 3525,H001022,"To amend title 18, United States Code, to clarify the Federal jurisdiction over offenses relating to damage to religious property.",Senate,104,1996-06-26,h.r.3525; Church Arson Prevention Act of 1996,F000438,Yes,On Passage of the Bill,Passed,171,2,13:16:00,0,2,0,98,https://api.propublica.org/congress/v1/104/senate/sessions/2/votes/171.json
,,s.1745-104,,,S..1745,,,Senate,104,1996-06-26,second cloture re: s.1745; National Defense Authorization Act for Fiscal Year 1997,F000438,Yes,On the Cloture Motion,Rejected,170,2,09:34:00,46,2,0,52,https://api.propublica.org/congress/v1/104/senate/sessions/2/votes/170.json
S.Amdt. 4156,,s.1745-104,,,S..1745,,,Senate,104,1996-06-25,lieberman amendment no. 4156; To provide for a quadrennial defense review and an independent assessment of alternative force structures for the Armed Forces.,F000438,Yes,On the Amendment ,Agreed to,169,2,17:03:00,0,0,0,100,https://api.propublica.org/congress/v1/104/senate/sessions/2/votes/169.json
,,s.1219-104,,,S..1219,,,Senate,104,1996-06-25,cloture motion re: S.1219 Campaign finance reform; Senate Campaign Finance Reform Act of 1995,F000438,No,On the Cloture Motion,Rejected,168,2,14:16:00,46,0,0,54,https://api.propublica.org/congress/v1/104/senate/sessions/2/votes/168.json
,,-104,,,,,,Senate,104,1996-06-20,"nomination alice rivlin re: member, board of governors, FRS",F000438,No,On the Nomination,Confirmed,167,2,14:41:00,41,2,0,57,https://api.propublica.org/congress/v1/104/senate/sessions/2/votes/167.json
,,-104,,,,,,Senate,104,1996-06-20,"confirmation Laurence H. Meyer re: member, board of governors, FRS",F000438,Yes,On the Nomination,Confirmed,166,2,14:24:00,0,2,0,98,https://api.propublica.org/congress/v1/104/senate/sessions/2/votes/166.json
,,-104,,,,,,Senate,104,1996-06-20,"confirmation alan greenspan re:chairman, board of governors, FRS",F000438,Yes,On the Nomination,Confirmed,165,2,14:01:00,7,2,0,91,https://api.propublica.org/congress/v1/104/senate/sessions/2/votes/165.json
S.Amdt. 4060,,s.1745-104,,,S..1745,,,Senate,104,1996-06-19,motion to table mccain amendment no. 4060; To reduce the amount authorized to be appropriated for military construction in order to eliminate authorizations of appropriations for certain military construction projects ...,F000438,Yes,On the Motion to Table ,Agreed to,164,2,19:59:00,13,4,0,83,https://api.propublica.org/congress/v1/104/senate/sessions/2/votes/164.json
S.Amdt. 4059,,s.1745-104,,,S..1745,,,Senate,104,1996-06-19,motion to table murray amendment no.4059; To repeal the restriction on use of Department of Defense facilities for abortions.,F000438,No,On the Motion to Table ,Rejected,163,2,18:16:00,51,4,0,45,https://api.propublica.org/congress/v1/104/senate/sessions/2/votes/163.json
S.Amdt. 4052,,s.1745-104,,,S..1745,,,Senate,104,1996-06-19,motion to table grams amendment no. 4052; To express the sense of the Senate regarding the reopening of Pennsylvania Avenue.,F000438,No,On the Motion to Table ,Rejected,161,2,14:30:00,59,2,0,39,https://api.propublica.org/congress/v1/104/senate/sessions/2/votes/161.json
S.Amdt. 4048,,s.1745-104,,,S..1745,,,Senate,104,1996-06-19,"Dorgan amendment no. 4048; To reduce to the level requested by the President the amount authorized to be appropriated for research, development, test, and evaluation for national missile defense.",F000438,No,On the Amendment ,Rejected,160,2,09:23:00,53,3,0,44,https://api.propublica.org/congress/v1/104/senate/sessions/2/votes/160.json
,,hconres178-104,https://api.propublica.org/congress/v1/104/bills/hconres178.json,Message on Senate action sent to the House.,H.Con.Res. 178,K000016,"Establishing the congressional budget for the United States Government for fiscal year 1997 and setting forth appropriate budgetary levels for fiscal years 1998, 1999, 2000, 2001, and 2002.",Senate,104,1996-06-13,"conference report h.con.res.178; A concurrent resolution establishing the congressional budget for the United States Government for fiscal year 1997 and setting forth appropriate budgetary levels for fiscal years 1998, 1999, ...",F000438,Yes,On the Conference Report,Agreed to,159,2,12:14:00,46,1,0,53,https://api.propublica.org/congress/v1/104/senate/sessions/2/votes/159.json
