amendment.number,bill.api_uri,bill.bill_id,bill.latest_action,bill.number,bill.title,chamber,congress,date,description,member_id,position,question,result,roll_call,session,time,total.no,total.not_voting,total.present,total.yes,vote_uri,bill.bill_uri,bill.sponsor_id
S.Amdt. 366,,s.3-103,,S..3,,Senate,103,1993-06-10,motion to invoke cloture on amdt no.366 to s.3; In the nature of a substitute.,K000333,Yes,On the Cloture Motion ,Rejected,146,1,18:45:00,41,6,0,53,https://api.propublica.org/congress/v1/103/senate/sessions/1/votes/146.json,,
S.Amdt. 403,,s.3-103,,S..3,,Senate,103,1993-06-10,"motion to table nickles amdt no.403; To limit the total amount of the subsidy that an eligible Senate candidate may receive to $1,000,000.",K000333,Yes,On the Motion to Table ,Agreed to,145,1,13:40:00,42,7,0,51,https://api.propublica.org/congress/v1/103/senate/sessions/1/votes/145.json,,
S.Amdt. 401,,s.3-103,,S..3,,Senate,103,1993-06-10,mccain amdt no.401; To limit the amount in which loans made to a campaign by a candidate and members of the candidate&#39;s family may be paid.,K000333,Not Voting,On the Amendment ,Rejected,144,1,11:25:00,49,7,0,44,https://api.propublica.org/congress/v1/103/senate/sessions/1/votes/144.json,,
S.Amdt. 401,,s.3-103,,S..3,,Senate,103,1993-06-10,kempthorne amdt no.402; To limit the amount in which loans made to a campaign by a candidate and members of the candidate&#39;s family may be paid.,K000333,Yes,On the Amendment ,Agreed to,143,1,10:54:00,0,8,0,92,https://api.propublica.org/congress/v1/103/senate/sessions/1/votes/143.json,,
S.Amdt. 400,,s.3-103,,S..3,,Senate,103,1993-06-09,motion to table mcconnell amdt no.400; To strike the exclusion of legal and accounting compliance funds from the general election expenditure limit.,K000333,Yes,On the Motion to Table ,Agreed to,142,1,17:00:00,44,9,0,47,https://api.propublica.org/congress/v1/103/senate/sessions/1/votes/142.json,,
S.Amdt. 399,,s.3-103,,S..3,,Senate,103,1993-06-09,motion to table bennett amdt no.399; To limit the availability of public funding to challengers who have not received benefits under this title for more than 2 previous general elections.,K000333,Yes,On the Motion to Table ,Agreed to,141,1,15:48:00,40,7,0,53,https://api.propublica.org/congress/v1/103/senate/sessions/1/votes/141.json,,
S.Amdt. 397,,s.3-103,,S..3,,Senate,103,1993-06-09,motion to table mcconnell amdt no.397; To require disclosure of communications paid with taxpayer funds.,K000333,Not Voting,On the Motion to Table ,Agreed to,140,1,14:06:00,45,8,0,47,https://api.propublica.org/congress/v1/103/senate/sessions/1/votes/140.json,,
S.Amdt. 139,,s.460-103,,S..460,,Senate,103,1993-06-09,motion to table bennett amdt no.398; No Statement of Purpose on File.,K000333,Not Voting,On the Motion to Table ,Agreed to,139,1,13:44:00,43,10,0,47,https://api.propublica.org/congress/v1/103/senate/sessions/1/votes/139.json,,
S.Amdt. 394,,s.3-103,,S..3,,Senate,103,1993-06-08,motion to table boren amdt no.394; To provide that revenues derived from the disallowance of tax deductions for lobbying expenses shall be used to reduce the deficit and to reduce ...,K000333,Not Voting,On the Motion to Table ,Rejected,138,1,17:56:00,47,10,0,43,https://api.propublica.org/congress/v1/103/senate/sessions/1/votes/138.json,,
S.Amdt. 392,,s.3-103,,S..3,,Senate,103,1993-06-08,mccain amdt no.392; To change the effective date of the Act.,K000333,Yes,On the Amendment ,Agreed to,137,1,16:42:00,7,8,0,85,https://api.propublica.org/congress/v1/103/senate/sessions/1/votes/137.json,,
S.Amdt. 391,,s.3-103,,S..3,,Senate,103,1993-06-08,motion to table mcconnell amdt no.391; To eliminate the cost-of-living adjustments for public subsidies.,K000333,Not Voting,On the Motion to Table ,Agreed to,136,1,15:18:00,44,10,0,46,https://api.propublica.org/congress/v1/103/senate/sessions/1/votes/136.json,,
S.Amdt. 390,,s.3-103,,S..3,,Senate,103,1993-06-08,graham amdt no.390; To make the broadcast discount available only to candidates for Federal or State office who undertake to abide by reasonable spending limits established under law.,K000333,Yes,On the Amendment ,Rejected,135,1,11:55:00,76,8,0,16,https://api.propublica.org/congress/v1/103/senate/sessions/1/votes/135.json,,
S.Amdt. 389,,s.3-103,,S..3,,Senate,103,1993-06-08,graham amdt no. 389; To authorize the Commission to make grants to States to fund the preparation and mailing of voter information pamphlets.,K000333,Yes,On the Amendment ,Rejected,134,1,11:30:00,60,8,0,32,https://api.propublica.org/congress/v1/103/senate/sessions/1/votes/134.json,,
S.Amdt. 388,,s.3-103,,S..3,,Senate,103,1993-05-28,deconcini amdt no.388; To reduce the spending limits for eligible Senate candidates.,K000333,Not Voting,On the Amendment ,Rejected,133,1,10:44:00,53,21,0,26,https://api.propublica.org/congress/v1/103/senate/sessions/1/votes/133.json,,
S.Amdt. 386,,s.3-103,,S..3,,Senate,103,1993-05-27,graham amdt no. 386; To make it a condition of eligibility to receive benefits that an eligible Senate candidate agree to participate in debates.,K000333,Not Voting,On the Amendment ,Rejected,132,1,10:04:00,50,8,0,42,https://api.propublica.org/congress/v1/103/senate/sessions/1/votes/132.json,,
S.Amdt. 385,,s.3-103,,S..3,,Senate,103,1993-05-27,graham amdt no.385; To require contemporaneous notice of the mailing of campaign advertising that refers to an opponent.,K000333,Not Voting,On the Amendment ,Agreed to,131,1,09:42:00,45,8,0,47,https://api.propublica.org/congress/v1/103/senate/sessions/1/votes/131.json,,
S.Amdt. 381,,s.3-103,,S..3,,Senate,103,1993-05-27,kerry amdt no.381; To create a purely voluntary public funding system for eligible candidates.,K000333,Not Voting,On the Amendment ,Rejected,130,1,18:38:00,60,5,0,35,https://api.propublica.org/congress/v1/103/senate/sessions/1/votes/130.json,,
S.Amdt. 380,,s.3-103,,S..3,,Senate,103,1993-05-27,hollings amdt no.380; To express the sense of the Senate that the Congress should adopt a joint resolution calling for an amendment to the Constitution that would empower Congress and ...,K000333,Not Voting,On the Amendment ,Agreed to,129,1,11:50:00,43,5,0,52,https://api.propublica.org/congress/v1/103/senate/sessions/1/votes/129.json,,
S.Amdt. 379,,s.3-103,,S..3,,Senate,103,1993-05-26,motion to table faircloth amdt no.379; To limit public financing to campaigns for election to terms in the Senate and the House of Reprensentatives aggregating 12 years.,K000333,Not Voting,On the Motion to Table ,Agreed to,128,1,18:29:00,39,4,0,57,https://api.propublica.org/congress/v1/103/senate/sessions/1/votes/128.json,,
S.Amdt. 379,,s.3-103,,S..3,,Senate,103,1993-05-26,kerry amdt no.378; To limit public financing to campaigns for election to terms in the Senate and the House of Reprensentatives aggregating 12 years.,K000333,Not Voting,On the Amendment ,Rejected,127,1,17:19:00,59,2,0,39,https://api.propublica.org/congress/v1/103/senate/sessions/1/votes/127.json,,
S.Amdt. 377,,s.3-103,,S..3,,Senate,103,1993-05-26,motion to table boren amdt no.377; To provide that revenues derived from the disallowance of tax deductions for lobbying expenses shall be used to reduce the deficit and to reduce ...,K000333,Not Voting,On the Motion to Table ,Rejected,126,1,15:10:00,50,2,0,48,https://api.propublica.org/congress/v1/103/senate/sessions/1/votes/126.json,,
S.Amdt. 372,,s.3-103,,S..3,,Senate,103,1993-05-26,"pressler amdt no.372, as modified; To amend the Federal Election Campaign Act of 1971 to ban activities of political action committees in Federal elections.",K000333,Not Voting,On the Amendment ,Agreed to,125,1,14:46:00,11,3,0,86,https://api.propublica.org/congress/v1/103/senate/sessions/1/votes/125.json,,
S.Amdt. 373,,s.3-103,,S..3,,Senate,103,1993-05-25,"wellstone amdt no.373; To reduce the amount of personal funds that an eligible Senate candidate may spend to $25,000.",K000333,Not Voting,On the Amendment ,Agreed to,124,1,18:16:00,9,3,0,88,https://api.propublica.org/congress/v1/103/senate/sessions/1/votes/124.json,,
S.Amdt. 370,,s.3-103,,S..3,,Senate,103,1993-05-25,wellstone andt no.370; To reduce the individual contribution limit to $100 per Senate election cycle.,K000333,Not Voting,On the Amendment ,Rejected,123,1,15:00:00,84,3,0,13,https://api.propublica.org/congress/v1/103/senate/sessions/1/votes/123.json,,
,,-103,,,,Senate,103,1993-05-24,roberta achtenberg to be an asst secretary of hud,K000333,Not Voting,On the Nomination,Confirmed,122,1,16:29:00,31,10,1,58,https://api.propublica.org/congress/v1/103/senate/sessions/1/votes/122.json,,
,,s.714-103,,S..714,,Senate,103,1993-05-13,S.714 as amended; Resolution Trust Corporation Completion Act,K000333,Not Voting,On Passage of the Bill,Passed,121,1,16:48:00,35,4,0,61,https://api.propublica.org/congress/v1/103/senate/sessions/1/votes/121.json,,
S.Amdt. 365,,s.714-103,,S..714,,Senate,103,1993-05-13,motion to waive CBA; To guarantee that the $1.00 in Federal spending cut promised to American taxpayers in return for each $3.23 in new taxes will actually occur by making ...,K000333,Not Voting,On the Motion ,Rejected,120,1,16:22:00,53,4,0,43,https://api.propublica.org/congress/v1/103/senate/sessions/1/votes/120.json,,
S.Amdt. 356,,s.714-103,,S..714,,Senate,103,1993-05-13,metzenbaum amdt no.356; To establish a civil statute of limitations for tort actions brought by the RTC.,K000333,Not Voting,On the Amendment ,Agreed to,119,1,12:23:00,32,5,0,63,https://api.propublica.org/congress/v1/103/senate/sessions/1/votes/119.json,,
,,hr2-103,Became Public Law No: 103-31.,H.R. 2,"To establish national voter registration procedures for Federal elections, and for other purposes.",Senate,103,1993-05-11,conference report on H.R.2; National Voter Registration Act of 1993,K000333,Yes,On the Conference Report,Agreed to,118,1,16:30:00,36,2,0,62,https://api.propublica.org/congress/v1/103/senate/sessions/1/votes/118.json,https://api.propublica.org/congress/v1/103/bills/hr2.json,S001115
,,h.r.2-103,,H.R..2,,Senate,103,1993-05-11,Cloture motion on conference report on H.R.2; National Voter Registration Act of 1993,K000333,Yes,On the Cloture Motion,Agreed to,117,1,15:02:00,37,0,0,63,https://api.propublica.org/congress/v1/103/senate/sessions/1/votes/117.json,,
,,s.349-103,,S..349,,Senate,103,1993-05-06,final passage s.349 as amended; Lobbying Disclosure Act of 1994,K000333,Not Voting,On Passage of the Bill,Passed,116,1,16:16:00,2,3,0,95,https://api.propublica.org/congress/v1/103/senate/sessions/1/votes/116.json,,
S.Amdt. 347,,s.349-103,,S..349,,Senate,103,1993-05-06,"lautenberg amdt. no 347; Sense of the Senate that the Senate should limit the acceptance of gifts, meals and travel by Members and staff.",K000333,Yes,On the Amendment ,Agreed to,115,1,14:17:00,1,1,0,98,https://api.propublica.org/congress/v1/103/senate/sessions/1/votes/115.json,,
,,s.171-103,,S..171,,Senate,103,1993-05-04,final passage s.171 as amended; Department of the Environment Act of 1993 Department of the Environment Act,K000333,Yes,On Passage of the Bill,Passed,114,1,15:36:00,15,6,0,79,https://api.propublica.org/congress/v1/103/senate/sessions/1/votes/114.json,,
S.Amdt. 341,,s.171-103,,S..171,,Senate,103,1993-05-04,motion to table baucus amdt no. 341; In the nature of a substitute.,K000333,Yes,On the Motion to Table ,Rejected,113,1,15:13:00,54,6,0,40,https://api.propublica.org/congress/v1/103/senate/sessions/1/votes/113.json,,
S.Amdt. 338,,s.171-103,,S..171,,Senate,103,1993-04-29,"motion to table hatch amdt no.337; To establish an Office of Environmental Justice, and for other purposes.",K000333,Not Voting,On the Motion to Table ,Agreed to,112,1,20:06:00,26,4,0,70,https://api.propublica.org/congress/v1/103/senate/sessions/1/votes/112.json,,
S.Amdt. 334,,s.171-103,,S..171,,Senate,103,1993-04-29,johnston amdt no.334; Relating to the risk to the health and safety of individual members of the public addressed by the regulation and its affect on human health or the ...,K000333,Not Voting,On the Amendment ,Agreed to,111,1,15:26:00,3,2,0,95,https://api.propublica.org/congress/v1/103/senate/sessions/1/votes/111.json,,
S.Amdt. 331,,s.171-103,,S..171,,Senate,103,1993-04-29,"lieberman amdt no.331; To establish a Small Business Ombudsman Office within the Department of the Environment, to provide environmental compliance assistance to small business concerns and family farms, and for ...",K000333,Not Voting,On the Amendment ,Agreed to,110,1,14:04:00,0,3,0,97,https://api.propublica.org/congress/v1/103/senate/sessions/1/votes/110.json,,
S.Amdt. 329,,s.171-103,,S..171,,Senate,103,1993-04-29,"motion to table nickles amdt. no. 329; To require analysis and estimates of the likely impact of Federal legislation and regulations upon the private sector and State and local governments, ...",K000333,Not Voting,On the Motion to Table ,Agreed to,109,1,12:28:00,48,2,0,50,https://api.propublica.org/congress/v1/103/senate/sessions/1/votes/109.json,,
S.Amdt. 327,,s.171-103,,S..171,,Senate,103,1993-04-28,motion to table mccain amdt no.327; To provide that one of the Assistant Secretaries of the Department of the Environment shall be an Assistant Secretary for Indian Lands.,K000333,Not Voting,On the Motion to Table ,Rejected,108,1,13:24:00,79,5,0,16,https://api.propublica.org/congress/v1/103/senate/sessions/1/votes/108.json,,
S.Amdt. 325,,s.171-103,,S..171,,Senate,103,1993-04-28,"motion to table specter amdt no.325; To contain health care costs and increase access to affordable health care, and for other purposes.",K000333,Not Voting,On the Motion to Table ,Agreed to,107,1,11:59:00,33,2,0,65,https://api.propublica.org/congress/v1/103/senate/sessions/1/votes/107.json,,
S.Amdt. 324,,s.171-103,,S..171,,Senate,103,1993-04-27,motion to table roth substitute amdt no.324; In the nature of a substitute.,K000333,Not Voting,On the Motion to Table ,Agreed to,106,1,15:31:00,42,4,0,54,https://api.propublica.org/congress/v1/103/senate/sessions/1/votes/106.json,,
,,h.r.1335-103,,H.R..1335,,Senate,103,1993-04-21,motion to invoke cloture on the committee substitute; Emergency Supplemental Appropriations Act of 1993,K000333,Yes,On the Cloture Motion,Rejected,105,1,10:46:00,43,1,0,56,https://api.propublica.org/congress/v1/103/senate/sessions/1/votes/105.json,,
S.Amdt. 300,,h.r.1335-103,,H.R..1335,,Senate,103,1993-04-20,byrd amdt no.300; In the nature of a substitute.,K000333,Yes,On the Amendment ,Agreed to,104,1,17:27:00,46,2,0,52,https://api.propublica.org/congress/v1/103/senate/sessions/1/votes/104.json,,
S.Amdt. 301,,h.r.1335-103,,H.R..1335,,Senate,103,1993-04-20,motion to table hatfield amdt no.301; Of a perfecting nature.,K000333,Yes,On the Motion to Table ,Agreed to,103,1,17:05:00,45,2,0,53,https://api.propublica.org/congress/v1/103/senate/sessions/1/votes/103.json,,
,,h.r.1335-103,,H.R..1335,,Senate,103,1993-04-05,motion to invoke cloture on comm subst to h.r.1335; Emergency Supplemental Appropriations Act of 1993,K000333,Not Voting,On the Cloture Motion,Rejected,102,1,10:31:00,29,22,0,49,https://api.propublica.org/congress/v1/103/senate/sessions/1/votes/102.json,,
,,h.r.1335-103,,H.R..1335,,Senate,103,1993-04-03,motion to invoke cloture on the comm subt to h.r.1335; Emergency Supplemental Appropriations Act of 1993,K000333,Not Voting,On the Cloture Motion,Rejected,101,1,11:44:00,37,11,0,52,https://api.propublica.org/congress/v1/103/senate/sessions/1/votes/101.json,,
,,h.r.1335-103,,H.R..1335,,Senate,103,1993-04-02,motion to invoke cloture on the comm sub to h.r.1335; Emergency Supplemental Appropriations Act of 1993,K000333,Not Voting,On the Cloture Motion,Rejected,100,1,17:15:00,43,2,0,55,https://api.propublica.org/congress/v1/103/senate/sessions/1/votes/100.json,,
,,-103,,,,Senate,103,1993-04-02,nomination of strobe talbott,K000333,Not Voting,On the Nomination,Confirmed,99,1,16:52:00,9,2,0,89,https://api.propublica.org/congress/v1/103/senate/sessions/1/votes/99.json,,
S.Amdt. 294,,h.r.1335-103,,H.R..1335,,Senate,103,1993-04-01,"motion to table domenici amdt no.294; To ensure sufficient funding for the 1994 pay raise for federal, civilian, and military employees.",K000333,No,On the Motion to Table ,Agreed to,98,1,19:07:00,49,0,0,51,https://api.propublica.org/congress/v1/103/senate/sessions/1/votes/98.json,,
S.Amdt. 293,,h.r.1335-103,,H.R..1335,,Senate,103,1993-04-01,motion to table murkowski amdt no.293; To provide that certain amounts appropriated for certain nonrecurring maintenance projects of the Department of Veterans&#39; Affairs be made available for payments under the ...,K000333,Yes,On the Motion to Table ,Agreed to,97,1,17:36:00,43,0,0,57,https://api.propublica.org/congress/v1/103/senate/sessions/1/votes/97.json,,
S.Amdt. 292,,h.r.1335-103,,H.R..1335,,Senate,103,1993-04-01,motion to table nickles amdt no.292; To eliminate emergency designation for fiscal year 1993 supplemental appropriations associated with President Clinton&#39;s stimulus package.,K000333,Yes,On the Motion to Table ,Agreed to,96,1,15:15:00,45,1,0,54,https://api.propublica.org/congress/v1/103/senate/sessions/1/votes/96.json,,
,,h.r.1335-103,,H.R..1335,,Senate,103,1993-04-01,motion to table bond amdt no.291; Emergency Supplemental Appropriations Act of 1993,K000333,Yes,On the Motion to Table,Agreed to,95,1,12:00:00,44,1,0,55,https://api.propublica.org/congress/v1/103/senate/sessions/1/votes/95.json,,
,,hconres64-103,Message on Senate action sent to the House.,H.Con.Res. 64,"Setting forth the congressional budget for the United States Government for fiscal years 1994, 1995, 1996, 1997, and 1998.",Senate,103,1993-04-01,"conference report on h.con.res.64; A concurrent resolution setting forth the congressional budget for the United States Government for fiscal years 1994, 1995, 1996, 1997, and 1998.",K000333,No,On the Conference Report,Agreed to,94,1,09:45:00,45,0,0,55,https://api.propublica.org/congress/v1/103/senate/sessions/1/votes/94.json,https://api.propublica.org/congress/v1/103/bills/hconres64.json,S000005
S.Amdt. 290,,h.r.1335-103,,H.R..1335,,Senate,103,1993-03-31,motion to table danforth amdt no.290; To strike the matter relating to Amtrak capital improvement grants.,K000333,Yes,On the Motion to Table ,Agreed to,93,1,20:45:00,38,1,0,61,https://api.propublica.org/congress/v1/103/senate/sessions/1/votes/93.json,,
S.Amdt. 289,,h.r.1335-103,,H.R..1335,,Senate,103,1993-03-31,motion to table graham amdt no.289; To eliminate from the highway fund allocation formula certain discretionary funds granted to the States for highway programs.,K000333,No,On the Motion to Table ,Agreed to,92,1,19:13:00,32,0,0,68,https://api.propublica.org/congress/v1/103/senate/sessions/1/votes/92.json,,
S.Amdt. 288,,h.r.1335-103,,H.R..1335,,Senate,103,1993-03-31,motion to table amdt. no 288; To authorize the States to transfer apportioned funds between Federal highway program categories.,K000333,No,On the Motion to Table ,Agreed to,91,1,17:46:00,30,0,0,70,https://api.propublica.org/congress/v1/103/senate/sessions/1/votes/91.json,,
S.Amdt. 287,,h.r.1335-103,,H.R..1335,,Senate,103,1993-03-31,motion to waive; To remove the emergency spending designation from all funds in this bill that spend out in fiscal year 1994 or thereafter.,K000333,No,On the Motion ,Rejected,90,1,16:09:00,48,0,0,52,https://api.propublica.org/congress/v1/103/senate/sessions/1/votes/90.json,,
S.Amdt. 286,,h.r.1335-103,,H.R..1335,,Senate,103,1993-03-31,"motion to table gramm andt no.286; To reduce deficit spending by prohibiting emergency stimulus appropriations from being spent on gymnasiums, parks, boathouses and other activities.",K000333,Yes,On the Motion to Table ,Agreed to,89,1,14:15:00,44,0,0,56,https://api.propublica.org/congress/v1/103/senate/sessions/1/votes/89.json,,
S.Amdt. 285,,h.r.1335-103,,H.R..1335,,Senate,103,1993-03-31,motion to table burns amdt no. 285; To eliminate supplemental appropriations for the District of Columbia.,K000333,Yes,On the Motion to Table ,Agreed to,88,1,11:40:00,43,0,0,57,https://api.propublica.org/congress/v1/103/senate/sessions/1/votes/88.json,,
S.Amdt. 284,,h.r.1335-103,,H.R..1335,,Senate,103,1993-03-30,motion to table nickles amdt no.284; To eliminate supplemental appropriations for Community Development Block Grants.,K000333,Not Voting,On the Motion to Table ,Agreed to,87,1,18:59:00,43,3,0,54,https://api.propublica.org/congress/v1/103/senate/sessions/1/votes/87.json,,
S.Amdt. 279,,h.r.1335-103,,H.R..1335,,Senate,103,1993-03-30,motion to table brown amdt no.279 upon reconsideration; To prevent funds from being used to assist certain projects through Community Development Grants.,K000333,Yes,On the Motion to Table ,Agreed to,86,1,11:46:00,48,0,0,52,https://api.propublica.org/congress/v1/103/senate/sessions/1/votes/86.json,,
S.Amdt. 279,,h.r.1335-103,,H.R..1335,,Senate,103,1993-03-30,motion to reconsider vote on motion to table brown amdt no.279; To prevent funds from being used to assist certain projects through Community Development Grants.,K000333,Yes,On the Motion to Reconsider ,Agreed to,85,1,11:00:00,48,0,0,52,https://api.propublica.org/congress/v1/103/senate/sessions/1/votes/85.json,,
S.Amdt. 279,,h.r.1335-103,,H.R..1335,,Senate,103,1993-03-29,motion to table brown amdt no.279; To prevent funds from being used to assist certain projects through Community Development Grants.,K000333,Yes,On the Motion to Table ,Rejected,84,1,21:05:00,48,8,0,44,https://api.propublica.org/congress/v1/103/senate/sessions/1/votes/84.json,,
,,hconres64-103,Message on Senate action sent to the House.,H.Con.Res. 64,"Setting forth the congressional budget for the United States Government for fiscal years 1994, 1995, 1996, 1997, and 1998.",Senate,103,1993-03-25,"h.con.res.64; A concurrent resolution setting forth the congressional budget for the United States Government for fiscal years 1994, 1995, 1996, 1997, and 1998.",K000333,No,On Passage of the Bill,Passed,83,1,12:05:00,45,1,0,54,https://api.propublica.org/congress/v1/103/senate/sessions/1/votes/83.json,https://api.propublica.org/congress/v1/103/bills/hconres64.json,S000005
S.Amdt. 223,,s.con.res.18-103,,S.Con.Res..18,,Senate,103,1993-03-25,"motion to table craig amdt no.223; To promote equity and conformance with the states goals of the Administration&#39;s energy tax policies, which stress taxation of energy sources which are nonrenewable, ...",K000333,Yes,On the Motion to Table ,Agreed to,82,1,11:48:00,41,2,0,57,https://api.propublica.org/congress/v1/103/senate/sessions/1/votes/82.json,,
S.Amdt. 205,,s.con.res.18-103,,S.Con.Res..18,,Senate,103,1993-03-25,motion to table murkowski amdt no.205; To reduce the instructions to the Energy and Natural Resources Committee by the amount of assumption on changes to the Mining Law.,K000333,Yes,On the Motion to Table ,Agreed to,81,1,11:29:00,38,1,0,61,https://api.propublica.org/congress/v1/103/senate/sessions/1/votes/81.json,,
S.Amdt. 253,,s.con.res.18-103,,S.Con.Res..18,,Senate,103,1993-03-25,motion to table bond amdt no.253; To implement the proposal in President Clinton&#39;s book &#39;Putting People First&#39; that the line item veto is vital to &#39;eliminating pork barrel projects and ...,K000333,Yes,On the Motion to Table ,Agreed to,80,1,11:09:00,42,1,0,57,https://api.propublica.org/congress/v1/103/senate/sessions/1/votes/80.json,,
S.Amdt. 246,,s.con.res.18-103,,S.Con.Res..18,,Senate,103,1993-03-25,"motion to table gramm amdt no.246; To shield small businesses and family farms from President Clinton&#39;s proposed tax on the wealthy, to make proprietorships, partnerships, and Subchapter S corporations exempt ...",K000333,No,On the Motion to Table ,Agreed to,79,1,10:51:00,45,1,0,54,https://api.propublica.org/congress/v1/103/senate/sessions/1/votes/79.json,,
S.Amdt. 200,,s.con.res.18-103,,S.Con.Res..18,,Senate,103,1993-03-25,"motion to table cohen amdt no.200; To express the Sense of the Senate supporting granting the President expedited rescission authority with respect to items of appropriation, tax expenditures, and direct ...",K000333,No,On the Motion to Table ,Rejected,78,1,10:31:00,65,1,0,34,https://api.propublica.org/congress/v1/103/senate/sessions/1/votes/78.json,,
S.Amdt. 195,,s.con.res.18-103,,S.Con.Res..18,,Senate,103,1993-03-25,motion to table; To reduce certain level of budget authority for the Legislative Branch.,K000333,No,On the Motion to Table ,Agreed to,77,1,10:13:00,43,1,0,56,https://api.propublica.org/congress/v1/103/senate/sessions/1/votes/77.json,,
S.Amdt. 208,,s.con.res.18-103,,S.Con.Res..18,,Senate,103,1993-03-25,"motion to table brown amdt no.208; To reduce Function 600 to reflect an elimination of Federal unemployment insurance subsidies to wealthy individuals with annual net taxable incomes over $120,000.",K000333,Yes,On the Motion to Table ,Agreed to,76,1,09:55:00,46,1,0,53,https://api.propublica.org/congress/v1/103/senate/sessions/1/votes/76.json,,
S.Amdt. 264,,s.con.res.18-103,,S.Con.Res..18,,Senate,103,1993-03-25,bradley amdt no.264; Relating to a Presidential line-item veto authority over items of appropriation and tax expenditures expiring at the conclusion of the 103rd Congress.,K000333,Yes,On the Amendment ,Agreed to,75,1,09:31:00,24,3,0,73,https://api.propublica.org/congress/v1/103/senate/sessions/1/votes/75.json,,
S.Amdt. 227,,s.con.res.18-103,,S.Con.Res..18,,Senate,103,1993-03-24,motion to table Kassebaum amdt. no. 227; To reduce the reconciliation instruction to the Senate Labor and Human Resources Committee regarding Student Loan Program and offset by reducing non-defense discretionary ...,K000333,Yes,On the Motion to Table ,Agreed to,74,1,23:59:00,47,2,0,51,https://api.propublica.org/congress/v1/103/senate/sessions/1/votes/74.json,,
S.Amdt. 243,,s.con.res.18-103,,S.Con.Res..18,,Senate,103,1993-03-24,motion to table thurmond amdt no.243; To ensure adequate funds for the Department of Defense to continue military pay adjustments as prescribed under current law.,K000333,Yes,On the Motion to Table ,Agreed to,73,1,23:34:00,42,3,0,55,https://api.propublica.org/congress/v1/103/senate/sessions/1/votes/73.json,,
S.Amdt. 233,,s.con.res.18-103,,S.Con.Res..18,,Senate,103,1993-03-24,"motion to table mccain amdt no.233; To restore military and federal civilian pay levels, and ECI-based pay raises and locality pay to current law.",K000333,No,On the Motion to Table ,Agreed to,72,1,23:17:00,44,2,0,54,https://api.propublica.org/congress/v1/103/senate/sessions/1/votes/72.json,,
S.Amdt. 193,,s.con.res.18-103,,S.Con.Res..18,,Senate,103,1993-03-24,"motion to table warner amdt no.193; Sense of the Senate regarding that the Congress should promptly reconsider the amounts of the appropriate levels of new budget authority, outlays, new direct ...",K000333,No,On the Motion to Table ,Agreed to,71,1,22:57:00,48,2,0,50,https://api.propublica.org/congress/v1/103/senate/sessions/1/votes/71.json,,
S.Amdt. 204,,s.con.res.18-103,,S.Con.Res..18,,Senate,103,1993-03-24,motion to table murkowski amdt no.204; To exempt home heating oil from the proposed surtax on energy based on Btu&#39;s.,K000333,Yes,On the Motion to Table ,Agreed to,70,1,22:40:00,46,2,0,52,https://api.propublica.org/congress/v1/103/senate/sessions/1/votes/70.json,,
S.Amdt. 234,,s.con.res.18-103,,S.Con.Res..18,,Senate,103,1993-03-24,motion to table stevens amdt no.234; To eliminate assumed reductions in Federal civil service survivors&#39; annuities in order to protect the economic survival of the widows and widowers of Federal ...,K000333,Yes,On the Motion to Table ,Agreed to,69,1,22:22:00,44,2,0,54,https://api.propublica.org/congress/v1/103/senate/sessions/1/votes/69.json,,
S.Amdt. 222,,s.con.res.18-103,,S.Con.Res..18,,Senate,103,1993-03-24,motion to table durenberger amdt no.222; To reduce the level contained in the budget resolution by an amount sufficient to assume an exemption for biomass-derived ethanol under the administration&#39;s Btu ...,K000333,Yes,On the Motion to Table ,Agreed to,68,1,22:05:00,43,2,0,55,https://api.propublica.org/congress/v1/103/senate/sessions/1/votes/68.json,,
S.Amdt. 197,,s.con.res.18-103,,S.Con.Res..18,,Senate,103,1993-03-24,"motion to table craig amdt no.197; To reduce the federal deficit by $3.290 billion in fiscal years 1994-1998, increase efficiency and economy in federal procurement, provide job opportunities, increase competition ...",K000333,Yes,On the Motion to Table ,Agreed to,67,1,21:48:00,29,2,0,69,https://api.propublica.org/congress/v1/103/senate/sessions/1/votes/67.json,,
S.Amdt. 190,,s.con.res.18-103,,S.Con.Res..18,,Senate,103,1993-03-24,motion to table burns amdt no.190; To reduce the revenue level contained in the budget resolution by an amount sufficient to assume an exemption under the Btu energy tax for ...,K000333,Yes,On the Motion to Table ,Agreed to,66,1,21:26:00,44,2,0,54,https://api.propublica.org/congress/v1/103/senate/sessions/1/votes/66.json,,
S.Amdt. 263,,s.con.res.18-103,,S.Con.Res..18,,Senate,103,1993-03-24,"motion to table nunn amdt no. 263; To put a permanent, enforceable cap on the amount of non-Social Security mandatory spending beginning with fiscal year 1996.",K000333,Yes,On the Motion to Table ,Agreed to,65,1,20:23:00,47,1,1,51,https://api.propublica.org/congress/v1/103/senate/sessions/1/votes/65.json,,
S.Amdt. 262,,s.con.res.18-103,,S.Con.Res..18,,Senate,103,1993-03-24,sasser amdt no.262; To ensure that further federal health care savings will be accomplished as part of comprehensive health care reform.,K000333,Yes,On the Amendment ,Agreed to,64,1,20:04:00,4,1,0,95,https://api.propublica.org/congress/v1/103/senate/sessions/1/votes/64.json,,
S.Amdt. 257,,s.con.res.18-103,,S.Con.Res..18,,Senate,103,1993-03-24,Baucus amdt. no. 257; Expressing the sense of the Senate that farming and related businesses receive relief from the energy tax.,K000333,Yes,On the Amendment ,Agreed to,63,1,17:40:00,6,1,0,93,https://api.propublica.org/congress/v1/103/senate/sessions/1/votes/63.json,,
S.Amdt. 256,,s.con.res.18-103,,S.Con.Res..18,,Senate,103,1993-03-24,krueger amdt no.256; To express the sense of the Senate that any amounts saved as a result of any reorganization and streamlining of the Federal Government should be applied to ...,K000333,Yes,On the Amendment ,Agreed to,62,1,17:25:00,3,1,0,96,https://api.propublica.org/congress/v1/103/senate/sessions/1/votes/62.json,,
S.Amdt. 254,,s.con.res.18-103,,S.Con.Res..18,,Senate,103,1993-03-24,"kennedy amdt no.254; To express the Sense of the Senate, consistent with the position of the Clinton Administration, that fuels used for home heating purposes are exempt from the supplemental ...",K000333,No,On the Amendment ,Agreed to,61,1,17:08:00,37,1,0,62,https://api.propublica.org/congress/v1/103/senate/sessions/1/votes/61.json,,
S.Amdt. 258,,s.con.res.18-103,,S.Con.Res..18,,Senate,103,1993-03-24,dole amdt no.258; To provide for a budget that would reduce the deficit from $310 billion in fiscal year 1993 to $163.9 billion in fiscal year 1998 and cause the ...,K000333,No,On the Amendment ,Rejected,60,1,16:47:00,57,1,0,42,https://api.propublica.org/congress/v1/103/senate/sessions/1/votes/60.json,,
S.Amdt. 249,,s.con.res.18-103,,S.Con.Res..18,,Senate,103,1993-03-24,"motion to table gramm amdt no.249; To strike the individual income tax increase, the energy tax increase, and the Social Security benefits tax increase, and an equivalent amount of new ...",K000333,Yes,On the Motion to Table ,Agreed to,59,1,13:00:00,44,1,0,55,https://api.propublica.org/congress/v1/103/senate/sessions/1/votes/59.json,,
S.Amdt. 242,,s.con.res.18-103,,S.Con.Res..18,,Senate,103,1993-03-24,lautenberg amdt no.242; To express the Sense of the Senate on Social Security taxes.,K000333,Yes,On the Amendment ,Agreed to,58,1,11:03:00,32,1,0,67,https://api.propublica.org/congress/v1/103/senate/sessions/1/votes/58.json,,
S.Amdt. 240,,s.con.res.18-103,,S.Con.Res..18,,Senate,103,1993-03-24,"motion to table lott amdt no.240; To strike the proposed tax increase on social security income, and to provide that the revenue reduction is offset by a reduction in proposed ...",K000333,No,On the Motion to Table ,Agreed to,57,1,09:38:00,47,1,0,52,https://api.propublica.org/congress/v1/103/senate/sessions/1/votes/57.json,,
S.Amdt. 217,,s.con.res.18-103,,S.Con.Res..18,,Senate,103,1993-03-23,simon amdt no.217; To ensure that fiscal year 1998 funding levels for education reform and initiatives are consistent with the levels requested by President Clinton in his investment program.,K000333,Yes,On the Amendment ,Agreed to,56,1,21:11:00,43,1,0,56,https://api.propublica.org/congress/v1/103/senate/sessions/1/votes/56.json,,
S.Amdt. 210,,s.con.res.18-103,,S.Con.Res..18,,Senate,103,1993-03-23,"motion to table pressler amdt no.210; To express the sense of the Senate that no small business, family farm, or family ranch have its taxes increased to fulfill the requirements ...",K000333,No,On the Motion to Table ,Agreed to,55,1,20:41:00,47,1,0,52,https://api.propublica.org/congress/v1/103/senate/sessions/1/votes/55.json,,
S.Amdt. 215,,s.con.res.18-103,,S.Con.Res..18,,Senate,103,1993-03-23,bingaman amdt no.215; To ensure that fiscal year 1998 funding levels for defense conversion programs are consistent with the levels requested by President Clinton in his investment program.,K000333,Yes,On the Amendment ,Agreed to,54,1,20:11:00,29,1,0,70,https://api.propublica.org/congress/v1/103/senate/sessions/1/votes/54.json,,
S.Amdt. 203,,s.con.res.18-103,,S.Con.Res..18,,Senate,103,1993-03-23,motion to table murkowski amdt no.203; To conform the budget resolution with the assumption that the assumed Btu tax will not apply to aviation fuel.,K000333,Yes,On the Motion to Table ,Agreed to,53,1,19:51:00,44,1,0,55,https://api.propublica.org/congress/v1/103/senate/sessions/1/votes/53.json,,
S.Amdt. 209,,s.con.res.18-103,,S.Con.Res..18,,Senate,103,1993-03-23,motion to table gorton amdt no.209; To delete increases in Inland Waterways diesel fuel user fee and offset the revenue losses by reducing domestic discretionary increases by equivalent amount.,K000333,No,On the Motion to Table ,Agreed to,52,1,19:18:00,44,1,0,55,https://api.propublica.org/congress/v1/103/senate/sessions/1/votes/52.json,,
S.Amdt. 202,,s.con.res.18-103,,S.Con.Res..18,,Senate,103,1993-03-23,"leahy amdt no.202; To ensure that fiscal year 1998 funding levels for Women, Infants, and Children (WIC) program are consistent with the levels requested by President Clinton in his investment ...",K000333,Yes,On the Amendment ,Agreed to,51,1,18:35:00,15,3,0,82,https://api.propublica.org/congress/v1/103/senate/sessions/1/votes/51.json,,
S.Amdt. 198,,s.con.res.18-103,,S.Con.Res..18,,Senate,103,1993-03-23,motion to table domenici amdt no.198; To adjust defense spending consistent with a $60 billion reduction from last year&#39;s defense plan over 1994 to 1998.,K000333,Yes,On the Motion to Table ,Agreed to,50,1,18:10:00,41,1,0,58,https://api.propublica.org/congress/v1/103/senate/sessions/1/votes/50.json,,
S.Amdt. 196,,s.con.res.18-103,,S.Con.Res..18,,Senate,103,1993-03-23,"brown amdt no.196; To reduce Function 920 to reflect a freeze of Federal department and agency overhead in FY94 and FY95, and an adjustment for inflation through 1998.",K000333,Yes,On the Motion to Table ,Agreed to,49,1,17:38:00,48,1,0,51,https://api.propublica.org/congress/v1/103/senate/sessions/1/votes/49.json,,
S.Amdt. 194,,s.con.res.18-103,,S.Con.Res..18,,Senate,103,1993-03-23,"wallop amdt no.194; To alter the instructions to the Energy and Natural Resources Committee by reducing the amounts assumed to be generated through increases in grazing fees, changes to the ...",K000333,Yes,On the Motion to Table ,Agreed to,48,1,17:06:00,40,1,0,59,https://api.propublica.org/congress/v1/103/senate/sessions/1/votes/48.json,,
S.Amdt. 192,,s.con.res.18-103,,S.Con.Res..18,,Senate,103,1993-03-23,nunn amdt no.192; To express the sense of the Senate regarding the relationship between appropriations for fiscal year 1994 for budget functional category 050 (national defense) and the levels of ...,K000333,Yes,On the Amendment ,Agreed to,47,1,16:35:00,43,1,0,56,https://api.propublica.org/congress/v1/103/senate/sessions/1/votes/47.json,,
S.Amdt. 189,,s.con.res.18-103,,S.Con.Res..18,,Senate,103,1993-03-23,nunn amdt no.189; To express the sense of the Senate regarding budget functional category 050 adjustments for changes in inflation assumptions and in assumptions regarding Federal pay increases.,K000333,Yes,On the Amendment ,Agreed to,46,1,16:03:00,30,1,0,69,https://api.propublica.org/congress/v1/103/senate/sessions/1/votes/46.json,,
S.Amdt. 188,,s.con.res.18-103,,S.Con.Res..18,,Senate,103,1993-03-23,bingaman amdt no.188; To state the assumptions of the resolution for domestic livestock grazing on Federal lands and royalty fees for hardrock mining.,K000333,Yes,On the Amendment ,Agreed to,45,1,15:36:00,45,1,0,54,https://api.propublica.org/congress/v1/103/senate/sessions/1/votes/45.json,,
S.Amdt. 186,,s.con.res.18-103,,S.Con.Res..18,,Senate,103,1993-03-23,"wellstone amdt no.186; Sense of the Senate that any increases set forth do not assume an energy tax on nonconventional fuels, including solar, geothermal, wind, and biomass-dervived fuels.",K000333,No,On the Amendment ,Rejected,44,1,14:59:00,52,0,0,48,https://api.propublica.org/congress/v1/103/senate/sessions/1/votes/44.json,,
S.Amdt. 185,,s.con.res.18-103,,S.Con.Res..18,,Senate,103,1993-03-23,deconcini amdt no. 185; To ensure that fiscal year 1998 funding levels for Community Policing (&#39;Cops on the Beat&#39;) program are consistent with the levels requested by President Clinton in ...,K000333,Yes,On the Amendment ,Agreed to,43,1,14:25:00,44,0,0,56,https://api.propublica.org/congress/v1/103/senate/sessions/1/votes/43.json,,
S.Amdt. 184,,s.con.res.18-103,,S.Con.Res..18,,Senate,103,1993-03-19,motion to table grassley amdt no. 184; To freeze non-defense discretionary spending across the board for five years.,K000333,Yes,On the Motion to Table ,Agreed to,42,1,11:36:00,42,4,0,54,https://api.propublica.org/congress/v1/103/senate/sessions/1/votes/42.json,,
S.Amdt. 183,,s.con.res.18-103,,S.Con.Res..18,,Senate,103,1993-03-19,kennedy amdt no. 183; To ensure that fiscal year 1998 funding levels of the Head Start program are consistent with the levels requested by President Clinton in his investment program.,K000333,Yes,On the Amendment ,Agreed to,41,1,09:17:00,12,4,0,84,https://api.propublica.org/congress/v1/103/senate/sessions/1/votes/41.json,,
S.Amdt. 182,,s.con.res.18-103,,S.Con.Res..18,,Senate,103,1993-03-18,nickles amdt no. 182; To eliminate the energy tax and offset lost revenues by reducing spending increases.,K000333,Yes,On the Amendment ,Rejected,40,1,21:21:00,53,1,0,46,https://api.propublica.org/congress/v1/103/senate/sessions/1/votes/40.json,,
S.Amdt. 181,,s.con.res.18-103,,S.Con.Res..18,,Senate,103,1993-03-18,harkin amdt no. 181 as modified; To express the sense of the Senate regarding the barge tax.,K000333,Yes,On the Amendment ,Agreed to,39,1,17:15:00,12,0,0,88,https://api.propublica.org/congress/v1/103/senate/sessions/1/votes/39.json,,
,,hr2-103,Became Public Law No: 103-31.,H.R. 2,"To establish national voter registration procedures for Federal elections, and for other purposes.",Senate,103,1993-03-17,final passage; National Voter Registration Act of 1993,K000333,Yes,On Passage of the Bill,Passed,38,1,15:59:00,37,1,0,62,https://api.propublica.org/congress/v1/103/senate/sessions/1/votes/38.json,https://api.propublica.org/congress/v1/103/bills/hr2.json,S001115
S.Amdt. 111,,s.460-103,,S..460,,Senate,103,1993-03-17,motion to table; To provide that a State shall be exempt from the Act if it is determined that compliance with this Act would increase taxes on its citizens.,K000333,Yes,On the Motion to Table ,Agreed to,37,1,15:35:00,39,2,0,59,https://api.propublica.org/congress/v1/103/senate/sessions/1/votes/37.json,,
S.Amdt. 112,,s.460-103,,S..460,,Senate,103,1993-03-17,motion to table mccain amdt no. 112; To require procedures to be developed and implemented to register voters upon their being inducted into the Armed Forces and to allow members ...,K000333,Yes,On the Motion to Table ,Agreed to,36,1,14:55:00,40,2,0,58,https://api.propublica.org/congress/v1/103/senate/sessions/1/votes/36.json,,
S.Amdt. 129,,s.460-103,,S..460,,Senate,103,1993-03-17,"motion to table simpson amdt no. 129; To provide for a study to determine whether, after enactment, as many as 3.0 percent of persons who are registered to vote are ...",K000333,Yes,On the Motion to Table ,Agreed to,35,1,14:24:00,40,2,0,58,https://api.propublica.org/congress/v1/103/senate/sessions/1/votes/35.json,,
S.Amdt. 128,,s.460-103,,S..460,,Senate,103,1993-03-17,mkotion to table simpson amdt no. 128; To provide for the imposition of civil penalties for misrepresentation or fraud concerning citizenship.,K000333,Yes,On the Motion to Table ,Agreed to,34,1,14:03:00,40,2,0,58,https://api.propublica.org/congress/v1/103/senate/sessions/1/votes/34.json,,
,,s.460-103,,S..460,,Senate,103,1993-03-16,cloture motion - S. 460; National Voter Registration Act of 1993,K000333,Yes,On the Cloture Motion,Rejected,33,1,18:04:00,41,0,0,59,https://api.propublica.org/congress/v1/103/senate/sessions/1/votes/33.json,,
S.Amdt. 123,,s.460-103,,S..460,,Senate,103,1993-03-16,"ford amnd no. 123; To exempt States which have enacted legislation to permit registration on Election Day at the polling place, to eliminate the provision on a written declaration to ...",K000333,Yes,On the Amendment ,Agreed to,32,1,15:18:00,0,1,0,99,https://api.propublica.org/congress/v1/103/senate/sessions/1/votes/32.json,,
S.Amdt. 80,,s.460-103,,S..460,,Senate,103,1993-03-11,motion to table nickles amnd no. 80; To put off the effective date with respect to a State until January first of the year after the year in which Congress ...,K000333,Not Voting,On the Motion to Table ,Agreed to,31,1,18:37:00,43,4,0,53,https://api.propublica.org/congress/v1/103/senate/sessions/1/votes/31.json,,
S.Amdt. 79,,s.460-103,,S..460,,Senate,103,1993-03-11,motion to table mccain amdt no.79; To ensure that individuals applying for agency based registration are not coerced by such agencies.,K000333,Not Voting,On the Motion to Table ,Agreed to,30,1,16:49:00,42,3,0,55,https://api.propublica.org/congress/v1/103/senate/sessions/1/votes/30.json,,
,,-103,,,,Senate,103,1993-03-11,Janet Reno - Attorney General,K000333,Not Voting,On the Nomination,Confirmed,29,1,14:20:00,0,2,0,98,https://api.propublica.org/congress/v1/103/senate/sessions/1/votes/29.json,,
S.Amdt. 78,,s.460-103,,S..460,,Senate,103,1993-03-10,"motion to table kempthorne amndt. no. 78; To establish national voter registration procedures for Federal elections, and for other purposes.",K000333,Not Voting,On the Motion to Table ,Agreed to,28,1,17:34:00,41,3,0,56,https://api.propublica.org/congress/v1/103/senate/sessions/1/votes/28.json,,
S.Amdt. 73,,s.460-103,,S..460,,Senate,103,1993-03-10,motion to waive CBA with respect to McCain amdt 73; To grant the power to the President to reduce budget authority.,K000333,Not Voting,On the Motion ,Rejected,27,1,15:25:00,52,3,0,45,https://api.propublica.org/congress/v1/103/senate/sessions/1/votes/27.json,,
,,s.460-103,,S..460,,Senate,103,1993-03-09,cloture motion on motion to proceed to s.460; National Voter Registration Act of 1993,K000333,Yes,On Cloture on the Motion to Proceed,Agreed to,26,1,12:00:00,38,0,0,62,https://api.propublica.org/congress/v1/103/senate/sessions/1/votes/26.json,,
,,s.460-103,,S..460,,Senate,103,1993-03-05,Cloture Motion On Motion To Proceed To S.460; National Voter Registration Act of 1993,K000333,Not Voting,On Cloture on the Motion to Proceed,Rejected,25,1,09:40:00,36,12,0,52,https://api.propublica.org/congress/v1/103/senate/sessions/1/votes/25.json,,
,,hr920-103,Became Public Law No: 103-6.,H.R. 920,"To extend the emergency unemployment compensation program, and for other purposes.",Senate,103,1993-03-03,"H.R. 920, As Amended; Emergency Unemployment Compensation Amendments of 1993",K000333,Yes,On Passage of the Bill,Passed,24,1,17:53:00,33,1,0,66,https://api.propublica.org/congress/v1/103/senate/sessions/1/votes/24.json,https://api.propublica.org/congress/v1/103/bills/hr920.json,R000458
S.Amdt. 69,,s.382-103,,S..382,,Senate,103,1993-03-03,"Motion To Table; To eliminate the cost-of-living adjustments for Federal employees and Members of Congress in Calendar year 1994, and for other purposes.",K000333,Yes,On the Motion to Table ,Agreed to,23,1,17:07:00,41,1,0,58,https://api.propublica.org/congress/v1/103/senate/sessions/1/votes/23.json,,
S.Amdt. 67,,s.382-103,,S..382,,Senate,103,1993-03-03,"Motion To Waive CBA; Sense of the Senate that until the President of the U.S. has submitted the budget required by Section 300 of the Congressional Budget Act of 1974, ...",K000333,No,On the Motion ,Rejected,22,1,16:17:00,55,1,0,44,https://api.propublica.org/congress/v1/103/senate/sessions/1/votes/22.json,,
S.Amdt. 66,,s.382-103,,S..382,,Senate,103,1993-03-03,Motion To Table Packwood Amdt. No. 66; To pay for the extension of unemployment benefits through the enactment of savings to streamline government and enhance management efficiency.,K000333,Yes,On the Motion to Table ,Agreed to,21,1,10:39:00,43,0,0,57,https://api.propublica.org/congress/v1/103/senate/sessions/1/votes/21.json,,
,,s.res.71-103,,S.Res..71,,Senate,103,1993-02-25,S. Res. 71 As Amended; An original resolution authorizing biennial expenditures by the committees of the Senate.,K000333,Yes,On Passage of the Bill,Passed,20,1,14:05:00,2,4,0,94,https://api.propublica.org/congress/v1/103/senate/sessions/1/votes/20.json,,
S.Amdt. 61,,s.res.71-103,,S.Res..71,,Senate,103,1993-02-24,"Chafee Amdt. No. 61; To reduce committee funding for the period March 1, 1993, through February 28, 1995.",K000333,No,On the Amendment ,Rejected,19,1,18:47:00,69,2,0,29,https://api.propublica.org/congress/v1/103/senate/sessions/1/votes/19.json,,
S.Amdt. 58,,s.res.71-103,,S.Res..71,,Senate,103,1993-02-24,"Reid Amdt. No. 58; To abolish the Committee on Aging of the Senate, effective January 1, 1994.",K000333,No,On the Amendment ,Rejected,18,1,17:43:00,56,1,0,43,https://api.propublica.org/congress/v1/103/senate/sessions/1/votes/18.json,,
S.Amdt. 59,,s.res.71-103,,S.Res..71,,Senate,103,1993-02-24,Cochran Second Degree Amdt. No. 59; To eliminate funding for the Special Committee on Aging and to abolish the committee.,K000333,No,On the Amendment ,Rejected,17,1,17:17:00,68,2,0,30,https://api.propublica.org/congress/v1/103/senate/sessions/1/votes/17.json,,
S.Amdt. 51,,s.res.71-103,,S.Res..71,,Senate,103,1993-02-24,Mitchell Second Degree Amdt. No. 51; It is the sense of the Senate that the rate of pay of Senators should be frozen for one year.,K000333,Yes,On the Amendment ,Agreed to,16,1,14:47:00,0,2,0,98,https://api.propublica.org/congress/v1/103/senate/sessions/1/votes/16.json,,
,,s.1-103,,S..1,,Senate,103,1993-02-18,"S.1, As Amended; National Institutes of Health Revitalization Act of 1993",K000333,Yes,On Passage of the Bill,Passed,15,1,14:32:00,4,3,0,93,https://api.propublica.org/congress/v1/103/senate/sessions/1/votes/15.json,,
S.Amdt. 49,,s.1-103,,S..1,,Senate,103,1993-02-18,"Helms Amdt. No. 48; To permit the United States Claims Court to continue to receive, and forward, petitions for compensation for a vaccine-related injury.",K000333,No,On the Amendment ,Agreed to,14,1,14:01:00,74,3,0,23,https://api.propublica.org/congress/v1/103/senate/sessions/1/votes/14.json,,
S.Amdt. 39,,s.1-103,,S..1,,Senate,103,1993-02-18,Nickles Amdt. No. 13; Relating to the admission to the United States of aliens infected with the AIDS virus.,K000333,Yes,On the Amendment ,Agreed to,13,1,09:25:00,23,1,0,76,https://api.propublica.org/congress/v1/103/senate/sessions/1/votes/13.json,,
S.Amdt. 40,,s.1-103,,S..1,,Senate,103,1993-02-18,Kennedy Amdt. No. 40; To provide that the current list of communicable diseases of public health significance remain in place for a 90-day period and to require that a careful ...,K000333,No,On the Amendment ,Rejected,12,1,09:04:00,56,2,0,42,https://api.propublica.org/congress/v1/103/senate/sessions/1/votes/12.json,,
,,h.r.1-103,,H.R..1,,Senate,103,1993-02-04,"H.R. 1, As Amended; Family and Medical Leave Act of 1993",K000333,Yes,On Passage of the Bill,Passed,11,1,19:46:00,27,2,0,71,https://api.propublica.org/congress/v1/103/senate/sessions/1/votes/11.json,,
S.Amdt. 22,,s.5-103,,S..5,,Senate,103,1993-02-04,Motion To Table Brown Amdt. No. 22; To modify provisions relating to intermittent leave and leave on a reduced leave schedule.,K000333,Yes,On the Motion to Table ,Agreed to,10,1,19:27:00,39,2,0,59,https://api.propublica.org/congress/v1/103/senate/sessions/1/votes/10.json,,
S.Amdt. 19,,s.5-103,,S..5,,Senate,103,1993-02-04,Motion To Table Dole Amdt. No. 19; To provide for a review of Department of Defense policy concerning service of homosexuals in the Armed Forces.,K000333,Yes,On the Motion to Table ,Agreed to,9,1,19:07:00,37,1,0,62,https://api.propublica.org/congress/v1/103/senate/sessions/1/votes/9.json,,
S.Amdt. 18,,s.5-103,,S..5,,Senate,103,1993-02-04,Motion To Table Mitchell Amdt. No. 18; With respect to military policy with respect to homosexuals.,K000333,No,On the Motion to Table ,Rejected,8,1,18:46:00,98,1,0,1,https://api.propublica.org/congress/v1/103/senate/sessions/1/votes/8.json,,
S.Amdt. 16,,s.5-103,,S..5,,Senate,103,1993-02-04,Motion To Table Amdt. No. 16; To limit the period for which a public employer may be required to provide family and medical leave.,K000333,Yes,On the Motion to Table ,Agreed to,7,1,13:30:00,31,1,1,67,https://api.propublica.org/congress/v1/103/senate/sessions/1/votes/7.json,,
S.Amdt. 14,,s.5-103,,S..5,,Senate,103,1993-02-03,Motion To Table Danforth Amdt. No. 14; To encourage mediation of complaints filed with respect to family and medical leave.,K000333,No,On the Motion to Table ,Agreed to,6,1,18:31:00,42,2,0,56,https://api.propublica.org/congress/v1/103/senate/sessions/1/votes/6.json,,
S.Amdt. 12,,s.5-103,,S..5,,Senate,103,1993-02-03,Motion To Table Wallop Amdt. No. 12; To amend the Fair Labor Standards Act of 1938 to permit an employee to take compensatory time off in lieu of compensation for ...,K000333,Yes,On the Motion to Table ,Agreed to,5,1,15:13:00,35,1,0,64,https://api.propublica.org/congress/v1/103/senate/sessions/1/votes/5.json,,
S.Amdt. 11,,s.5-103,,S..5,,Senate,103,1993-02-03,Motion To Table Kassebaum Amendment No. 11; To permit employers to satisfy family and medical leave requirements by offering such leave as a benefit in a cafeteria plan.,K000333,Yes,On the Motion to Table ,Agreed to,4,1,14:01:00,36,1,0,63,https://api.propublica.org/congress/v1/103/senate/sessions/1/votes/4.json,,
S.Amdt. 3,,s.5-103,,S..5,,Senate,103,1993-02-03,Motion To Table Grassley Amdt. No. 3; To establish arbitration procedures.,K000333,No,On the Motion to Table ,Agreed to,3,1,12:22:00,46,0,0,54,https://api.propublica.org/congress/v1/103/senate/sessions/1/votes/3.json,,
S.Amdt. 10,,s.5-103,,S..5,,Senate,103,1993-02-03,Motion To Table Amdt. No. 10; To establish provisions relating to notice.,K000333,Yes,On the Motion to Table ,Agreed to,2,1,10:27:00,40,0,0,60,https://api.propublica.org/congress/v1/103/senate/sessions/1/votes/2.json,,
S.Amdt. 4,,s.5-103,,S..5,,Senate,103,1993-02-03,Motion To Table Amdt. No. 4; To amend the Internal Revenue Code of 1986 to provide tax incentives for the adoption of flexible family leave policies by employers.,K000333,Yes,On the Motion to Table ,Agreed to,1,1,10:01:00,33,0,0,67,https://api.propublica.org/congress/v1/103/senate/sessions/1/votes/1.json,,
