amendment.api_uri,amendment.number,amendment.sponsor,amendment.sponsor_id,amendment.sponsor_party,amendment.sponsor_state,amendment.sponsor_uri,bill.api_uri,bill.bill_id,bill.bill_uri,bill.latest_action,bill.number,bill.sponsor_id,bill.title,chamber,congress,date,description,member_id,nomination.agency,nomination.name,nomination.nomination_id,nomination.number,position,question,result,roll_call,session,time,total.no,total.not_voting,total.present,total.yes,vote_uri
,,,,,,,,pn509-113,,,PN509,,,Senate,113,2013-10-30,"Katherine Archuleta, of Colorado, to be Director of the Office of Personnel Management for a term of four years",C001100,,,PN509-113,PN509,Yes,On the Nomination PN509,Nomination Confirmed,225,1,17:18:00,35,3,0,62,https://api.propublica.org/congress/v1/113/senate/sessions/1/votes/225.json
,,,,,,,,pn509-113,,,PN509,,,Senate,113,2013-10-30,"Katherine Archuleta, of Colorado, to be Director of the Office of Personnel Management for a term of four years",C001100,,,PN509-113,PN509,Yes,On the Cloture Motion PN509,Cloture Motion Agreed to,224,1,12:04:00,18,1,0,81,https://api.propublica.org/congress/v1/113/senate/sessions/1/votes/224.json
,,,,,,,,pn36-113,,,PN36,,,Senate,113,2013-10-30,"Alan F. Estevez, of the District of Columbia, to be a Principal Deputy Under Secretary of Defense",C001100,,,PN36-113,PN36,Yes,On the Cloture Motion PN36,Cloture Motion Agreed to,223,1,10:31:00,8,1,0,91,https://api.propublica.org/congress/v1/113/senate/sessions/1/votes/223.json
,,,,,,,,pn789-113,,,PN789,,,Senate,113,2013-10-29,"Richard F. Griffin, Jr., of the District of Columbia, to be General Counsel of the National Labor Relations Board for a term of four years",C001100,,,PN789-113,PN789,No,On the Nomination PN789,Nomination Confirmed,222,1,17:06:00,44,1,0,55,https://api.propublica.org/congress/v1/113/senate/sessions/1/votes/222.json
,,,,,,,,pn789-113,,,PN789,,,Senate,113,2013-10-29,"Richard F. Griffin, Jr., of the District of Columbia, to be General Counsel of the National Labor Relations Board for a term of four years",C001100,,,PN789-113,PN789,No,On the Cloture Motion PN789,Cloture Motion Agreed to,221,1,14:39:00,37,1,0,62,https://api.propublica.org/congress/v1/113/senate/sessions/1/votes/221.json
,,,,,,,,sjres26-113,https://api.propublica.org/congress/v1/113/bills/sjres26.json,Motion to proceed to consideration of measure rejected in Senate by Yea-Nay Vote. 45 - 54. Record Vote Number: 220.,S.J.Res.26,M000355,"A joint resolution relating to the disapproval of the President&#39;s exercise of authority to suspend the debt limit, as submitted under section 1002(b) of the Continuing Appropriations Act, 2014 on October 17, 2013.",Senate,113,2013-10-29,"A joint resolution relating to the disapproval of the President&#39;s exercise of authority to suspend the debt limit, as submitted under section 1002(b) of the Continuing Appropriations Act, 2014 on ...",C001100,,,,,Yes,On the Motion to Proceed S.J.Res. 26,Motion to Proceed Rejected,220,1,14:15:00,54,1,0,45,https://api.propublica.org/congress/v1/113/senate/sessions/1/votes/220.json
,,,,,,,,hr2775-113,https://api.propublica.org/congress/v1/113/bills/hr2775.json,Became Public Law No: 113-46.,H.R.2775,B001273,"To condition the provision of premium and cost-sharing subsidies under the Patient Protection and Affordable Care Act upon a certification that a program to verify household income and other qualifications for such subsidies is operational, and for other purposes.",Senate,113,2013-10-16,"An act making continuing appropriations for the fiscal year ending September 30, 2014, and for other purposes.",C001100,,,,,Yes,On Passage of the Bill H.R. 2775,Bill Passed,219,1,19:56:00,18,1,0,81,https://api.propublica.org/congress/v1/113/senate/sessions/1/votes/219.json
,,,,,,,,hr2775-113,https://api.propublica.org/congress/v1/113/bills/hr2775.json,Became Public Law No: 113-46.,H.R.2775,B001273,"To condition the provision of premium and cost-sharing subsidies under the Patient Protection and Affordable Care Act upon a certification that a program to verify household income and other qualifications for such subsidies is operational, and for other purposes.",Senate,113,2013-10-16,A bill to condition the provision of premium and cost-sharing subsidies under the Patient Protection and Affordable Care Act upon a certification that a program to verify household income and ...,C001100,,,,,Yes,On the Cloture Motion H.R. 2775,Cloture Motion Agreed to,218,1,19:33:00,16,1,0,83,https://api.propublica.org/congress/v1/113/senate/sessions/1/votes/218.json
,,,,,,,,pn409-113,,,PN409,,,Senate,113,2013-10-14,"Madeline Hughes Haikala, of Alabama, to be United States District Judge for the Northern District of Alabama",C001100,,,PN409-113,PN409,Yes,On the Nomination PN409,Nomination Confirmed,217,1,18:15:00,0,10,0,90,https://api.propublica.org/congress/v1/113/senate/sessions/1/votes/217.json
,,,,,,,,s1569-113,https://api.propublica.org/congress/v1/113/bills/s1569.json,Motion to proceed to consideration of measure made in Senate. (consideration: CR S7503-7531),S.1569,R000146,"A bill to ensure the complete and timely payment of the obligations of the United States Government until December 31, 2014.",Senate,113,2013-10-12,"A bill to ensure the complete and timely payment of the obligations of the United States Government until December 31, 2014.",C001100,,,,,No,On Cloture on the Motion to Proceed S. 1569,Cloture on the Motion to Proceed Rejected,216,1,12:00:00,45,2,0,53,https://api.propublica.org/congress/v1/113/senate/sessions/1/votes/216.json
,,,,,,,,-113,,,,,,Senate,113,2013-10-09,,C001100,,,,,Yes,On the Motion for Attendance (Motion to Instruct the Sgt. at Arms),Motion for Attendance Agreed to,215,1,12:13:00,18,4,0,78,https://api.propublica.org/congress/v1/113/senate/sessions/1/votes/215.json
,,,,,,,,hjres59-113,https://api.propublica.org/congress/v1/113/bills/hjres59.json,Became Public Law No: 113-67.,H.J.Res.59,R000395,"Making continuing appropriations for fiscal year 2014, and for other purposes.",Senate,113,2013-10-08,"A joint resolution making continuing appropriations for fiscal year 2014, and for other purposes.",C001100,,,,,Yes,On the Motion for Attendance H.J.Res. 59,Motion for Attendance Agreed to,214,1,14:18:00,14,2,0,84,https://api.propublica.org/congress/v1/113/senate/sessions/1/votes/214.json
,,,,,,,,pn384-113,,,PN384,,,Senate,113,2013-10-07,"Colin Stirling Bruce, of Illinois, to be United States District Judge for the Central District of Illinois",C001100,,,PN384-113,PN384,Yes,On the Nomination PN384,Nomination Confirmed,213,1,17:30:00,0,4,0,96,https://api.propublica.org/congress/v1/113/senate/sessions/1/votes/213.json
,,,,,,,,hjres59-113,https://api.propublica.org/congress/v1/113/bills/hjres59.json,Became Public Law No: 113-67.,H.J.Res.59,R000395,"Making continuing appropriations for fiscal year 2014, and for other purposes.",Senate,113,2013-10-01,"A joint resolution making continuing appropriations for fiscal year 2014, and for other purposes.",C001100,,,,,No,On the Motion to Table H.J.Res. 59,Motion to Table Agreed to,212,1,09:33:00,46,0,0,54,https://api.propublica.org/congress/v1/113/senate/sessions/1/votes/212.json
,,,,,,,,hjres59-113,https://api.propublica.org/congress/v1/113/bills/hjres59.json,Became Public Law No: 113-67.,H.J.Res.59,R000395,"Making continuing appropriations for fiscal year 2014, and for other purposes.",Senate,113,2013-09-30,"A joint resolution making continuing appropriations for fiscal year 2014, and for other purposes.",C001100,,,,,No,On the Motion to Table H.J.Res. 59,Motion to Table Agreed to,211,1,21:06:00,46,0,0,54,https://api.propublica.org/congress/v1/113/senate/sessions/1/votes/211.json
,,,,,,,,hjres59-113,https://api.propublica.org/congress/v1/113/bills/hjres59.json,Became Public Law No: 113-67.,H.J.Res.59,R000395,"Making continuing appropriations for fiscal year 2014, and for other purposes.",Senate,113,2013-09-30,"A joint resolution making continuing appropriations for fiscal year 2014, and for other purposes.",C001100,,,,,No,On the Motion to Table H.J.Res. 59,Motion to Table Agreed to,210,1,14:03:00,46,0,0,54,https://api.propublica.org/congress/v1/113/senate/sessions/1/votes/210.json
,,,,,,,,hjres59-113,https://api.propublica.org/congress/v1/113/bills/hjres59.json,Became Public Law No: 113-67.,H.J.Res.59,R000395,"Making continuing appropriations for fiscal year 2014, and for other purposes.",Senate,113,2013-09-27,"A joint resolution making continuing appropriations for fiscal year 2014, and for other purposes.",C001100,,,,,No,On the Joint Resolution H.J.Res. 59,Joint Resolution Passed,209,1,13:31:00,44,2,0,54,https://api.propublica.org/congress/v1/113/senate/sessions/1/votes/209.json
https://api.propublica.org/congress/v1/113/amendments/samdt1974.json,S.Amdt. 1974,Harry Reid,R000146,D,Nev.,https://api.propublica.org/congress/v1/members/R000146.json,,hjres59-113,https://api.propublica.org/congress/v1/113/bills/hjres59.json,Became Public Law No: 113-67.,H.J.Res. 59,R000395,"Making continuing appropriations for fiscal year 2014, and for other purposes.",Senate,113,2013-09-27,Of a perfecting nature.,C001100,,,,,No,"On the Amendment S.Amdt. 1974 to H.J.Res. 59 (Continuing Appropriations Resolution, 2014)",Amendment Agreed to,208,1,13:16:00,44,2,0,54,https://api.propublica.org/congress/v1/113/senate/sessions/1/votes/208.json
,,,,,,,,hjres59-113,https://api.propublica.org/congress/v1/113/bills/hjres59.json,Became Public Law No: 113-67.,H.J.Res.59,R000395,"Making continuing appropriations for fiscal year 2014, and for other purposes.",Senate,113,2013-09-27,"A joint resolution making continuing appropriations for fiscal year 2014, and for other purposes.",C001100,,,,,Yes,On the Motion (Motion to Waive All Applicable Budget Points of Order re: H.J. Res. 59 and Amdt. No. 1974),Motion Agreed to,207,1,12:58:00,30,2,0,68,https://api.propublica.org/congress/v1/113/senate/sessions/1/votes/207.json
,,,,,,,,hjres59-113,https://api.propublica.org/congress/v1/113/bills/hjres59.json,Became Public Law No: 113-67.,H.J.Res.59,R000395,"Making continuing appropriations for fiscal year 2014, and for other purposes.",Senate,113,2013-09-27,"A joint resolution making continuing appropriations for fiscal year 2014, and for other purposes.",C001100,,,,,Yes,On the Cloture Motion H.J.Res. 59,Cloture Motion Agreed to,206,1,12:29:00,19,2,0,79,https://api.propublica.org/congress/v1/113/senate/sessions/1/votes/206.json
,,,,,,,,hjres59-113,https://api.propublica.org/congress/v1/113/bills/hjres59.json,Became Public Law No: 113-67.,H.J.Res.59,R000395,"Making continuing appropriations for fiscal year 2014, and for other purposes.",Senate,113,2013-09-25,"A joint resolution making continuing appropriations for fiscal year 2014, and for other purposes.",C001100,,,,,Yes,On the Cloture Motion H.J.Res. 59,Cloture Motion Agreed to,205,1,12:55:00,0,0,0,100,https://api.propublica.org/congress/v1/113/senate/sessions/1/votes/205.json
,,,,,,,,pn134-113,,,PN134,,,Senate,113,2013-09-24,"Todd M. Hughes, of the District of Columbia, to be United States Circuit Judge for the Federal Circuit",C001100,,,PN134-113,PN134,Yes,On the Nomination PN134,Nomination Confirmed,204,1,11:47:00,0,2,0,98,https://api.propublica.org/congress/v1/113/senate/sessions/1/votes/204.json
,,,,,,,,hr527-113,https://api.propublica.org/congress/v1/113/bills/hr527.json,Became Public Law No: 113-40.,H.R.527,H000329,"To amend the Helium Act to complete the privatization of the Federal helium reserve in a competitive market fashion that ensures stability in the helium markets while protecting the interests of American taxpayers, and for other purposes.",Senate,113,2013-09-19,A bill to amend the Helium Act to complete the privatization of the Federal helium reserve in a competitive market fashion that ensures stability in the helium markets while protecting ...,C001100,,,,,Yes,On Passage of the Bill H.R. 527,Bill Passed,203,1,14:15:00,2,1,0,97,https://api.propublica.org/congress/v1/113/senate/sessions/1/votes/203.json
,,,,,,,,pn202-113,,,PN202,,,Senate,113,2013-09-17,"Elaine D. Kaplan, of the District of Columbia, to be a Judge of the United States Court of Federal Claims for a term of fifteen years",C001100,,,PN202-113,PN202,Yes,On the Nomination PN202,Nomination Confirmed,202,1,12:03:00,35,1,0,64,https://api.propublica.org/congress/v1/113/senate/sessions/1/votes/202.json
,,,,,,,,pn9-113,,,PN9,,,Senate,113,2013-09-09,"Valerie E. Caproni, of the District of Columbia, to be United States District Judge for the Southern District of New York",C001100,,,PN9-113,PN9,Yes,On the Nomination PN9,Nomination Confirmed,201,1,17:34:00,24,3,0,73,https://api.propublica.org/congress/v1/113/senate/sessions/1/votes/201.json
,,,,,,,,pn554-113,,,PN554,,,Senate,113,2013-08-01,"Samantha Power, of Massachusetts, to be the Representative of the United States of America to the United Nations, with the rank and status of Ambassador, and the Representative of the ...",C001100,,,PN554-113,PN554,Yes,On the Nomination PN554,Nomination Confirmed,200,1,14:38:00,10,3,0,87,https://api.propublica.org/congress/v1/113/senate/sessions/1/votes/200.json
,,,,,,,,s1243-113,https://api.propublica.org/congress/v1/113/bills/s1243.json,Cloture on the measure not invoked in Senate by Yea-Nay Vote. 54 - 43. Record Vote Number: 199.,S.1243,M001111,"An original bill making appropriations for the Departments of Transportation, and Housing and Urban Development, and related agencies for the fiscal year ending September 30, 2014, and for other purposes.",Senate,113,2013-08-01,"An original bill making appropriations for the Departments of Transportation, and Housing and Urban Development, and related agencies for the fiscal year ending September 30, 2014, and for other purposes.",C001100,,,,,No,On the Cloture Motion S. 1243,Cloture Motion Rejected,199,1,12:41:00,43,3,0,54,https://api.propublica.org/congress/v1/113/senate/sessions/1/votes/199.json
,,,,,,,,pn133-113,,,PN133,,,Senate,113,2013-08-01,"Raymond T. Chen, of Maryland, to be United States Circuit Judge for the Federal Circuit",C001100,,,PN133-113,PN133,Yes,On the Nomination PN133,Nomination Confirmed,198,1,12:02:00,0,3,0,97,https://api.propublica.org/congress/v1/113/senate/sessions/1/votes/198.json
,,,,,,,,pn120-113,,,PN120,,,Senate,113,2013-07-31,"Byron Todd Jones, of Minnesota, to be Director, Bureau of Alcohol, Tobacco, Firearms, and Explosives",C001100,,,PN120-113,PN120,No,On the Nomination PN120,Nomination Confirmed,197,1,19:04:00,42,5,0,53,https://api.propublica.org/congress/v1/113/senate/sessions/1/votes/197.json
,,,,,,,,pn120-113,,,PN120,,,Senate,113,2013-07-31,"Byron Todd Jones, of Minnesota, to be Director, Bureau of Alcohol, Tobacco, Firearms, and Explosives",C001100,,,PN120-113,PN120,No,On the Cloture Motion PN120,Cloture Motion Agreed to,196,1,14:01:00,40,0,0,60,https://api.propublica.org/congress/v1/113/senate/sessions/1/votes/196.json
https://api.propublica.org/congress/v1/113/amendments/samdt1739.json,S.Amdt. 1739,Rand Paul,P000603,R,Ky.,https://api.propublica.org/congress/v1/members/P000603.json,,s1243-113,https://api.propublica.org/congress/v1/113/bills/s1243.json,Cloture on the measure not invoked in Senate by Yea-Nay Vote. 54 - 43. Record Vote Number: 199.,S. 1243,M001111,"An original bill making appropriations for the Departments of Transportation, and Housing and Urban Development, and related agencies for the fiscal year ending September 30, 2014, and for other purposes.",Senate,113,2013-07-31,"To redirect certain foreign assistance to the Government of Egypt as a result of the July 3, 2013, military coup d&#39;etat.",C001100,,,,,Yes,"On the Motion to Table S.Amdt. 1739 to S. 1243 (Transportation, Housing and Urban Development, and Related Agencies Appropriations)",Motion to Table Agreed to,195,1,11:14:00,13,1,0,86,https://api.propublica.org/congress/v1/113/senate/sessions/1/votes/195.json
,,,,,,,,pn266-113,,,PN266,,,Senate,113,2013-07-30,"Mark Gaston Pearce, of New York, to be a Member of the National Labor Relations Board for the term of five years expiring August 27, 2018",C001100,,,PN266-113,PN266,Not Voting,On the Nomination PN266,Nomination Confirmed,194,1,17:49:00,38,3,0,59,https://api.propublica.org/congress/v1/113/senate/sessions/1/votes/194.json
,,,,,,,,pn266-113,,,PN266,,,Senate,113,2013-07-30,"Mark Gaston Pearce, of New York, to be a Member of the National Labor Relations Board for the term of five years expiring August 27, 2018",C001100,,,PN266-113,PN266,Not Voting,On the Cloture Motion PN266,Cloture Motion Agreed to,193,1,17:35:00,29,2,0,69,https://api.propublica.org/congress/v1/113/senate/sessions/1/votes/193.json
,,,,,,,,pn680-113,,,PN680,,,Senate,113,2013-07-30,"Nancy Jean Schiffer, of Maryland, to be a Member of the National Labor Relations Board for the term of five years expiring December 16, 2014",C001100,,,PN680-113,PN680,Not Voting,On the Nomination PN680,Nomination Confirmed,192,1,17:20:00,44,2,0,54,https://api.propublica.org/congress/v1/113/senate/sessions/1/votes/192.json
,,,,,,,,pn680-113,,,PN680,,,Senate,113,2013-07-30,"Nancy Jean Schiffer, of Maryland, to be a Member of the National Labor Relations Board for the term of five years expiring December 16, 2014",C001100,,,PN680-113,PN680,Not Voting,On the Cloture Motion PN680,Cloture Motion Agreed to,191,1,17:03:00,33,2,0,65,https://api.propublica.org/congress/v1/113/senate/sessions/1/votes/191.json
,,,,,,,,pn679-113,,,PN679,,,Senate,113,2013-07-30,"Kent Yoshiho Hirozawa, of New York, to be a Member of the National Labor Relations Board for the term of five years expiring August 27, 2016",C001100,,,PN679-113,PN679,Not Voting,On the Nomination PN679,Nomination Confirmed,190,1,16:35:00,44,2,0,54,https://api.propublica.org/congress/v1/113/senate/sessions/1/votes/190.json
,,,,,,,,pn679-113,,,PN679,,,Senate,113,2013-07-30,"Kent Yoshiho Hirozawa, of New York, to be a Member of the National Labor Relations Board for the term of five years expiring August 27, 2016",C001100,,,PN679-113,PN679,Not Voting,On the Cloture Motion PN679,Cloture Motion Agreed to,189,1,10:15:00,34,2,0,64,https://api.propublica.org/congress/v1/113/senate/sessions/1/votes/189.json
,,,,,,,,pn586-113,,,PN586,,,Senate,113,2013-07-29,"James B. Comey, Jr., of Connecticut, to be Director of the Federal Bureau of Investigation for a term of ten years",C001100,,,PN586-113,PN586,Not Voting,On the Nomination PN586,Nomination Confirmed,188,1,17:31:00,1,4,2,93,https://api.propublica.org/congress/v1/113/senate/sessions/1/votes/188.json
,,,,,,,,s1243-113,https://api.propublica.org/congress/v1/113/bills/s1243.json,Cloture on the measure not invoked in Senate by Yea-Nay Vote. 54 - 43. Record Vote Number: 199.,S.1243,M001111,"An original bill making appropriations for the Departments of Transportation, and Housing and Urban Development, and related agencies for the fiscal year ending September 30, 2014, and for other purposes.",Senate,113,2013-07-25,"An original bill making appropriations for the Departments of Transportation, and Housing and Urban Development, and related agencies for the fiscal year ending September 30, 2014, and for other purposes.",C001100,,,,,No,On the Motion to Table the Motion to Recommit S. 1243,Motion to Table Motion to Recommit Agreed to,187,1,15:17:00,42,2,0,56,https://api.propublica.org/congress/v1/113/senate/sessions/1/votes/187.json
,,,,,,,,pn49-113,,,PN49,,,Senate,113,2013-07-25,"Derek Anthony West, of California, to be Associate Attorney General",C001100,,,PN49-113,PN49,Yes,On the Nomination PN49,Nomination Confirmed,186,1,12:27:00,1,1,0,98,https://api.propublica.org/congress/v1/113/senate/sessions/1/votes/186.json
,,,,,,,,hr1911-113,https://api.propublica.org/congress/v1/113/bills/hr1911.json,Became Public Law No: 113-28.,H.R.1911,K000363,"To amend the Higher Education Act of 1965 to establish interest rates for new loans made on or after July 1, 2013.",Senate,113,2013-07-24,"To amend the Higher Education Act of 1965 to establish interest rates for new loans made on or after July 1, 2013, to direct the Secretary of Education to convene ...",C001100,,,,,Yes,On Passage of the Bill H.R. 1911,Bill Passed,185,1,18:11:00,18,1,0,81,https://api.propublica.org/congress/v1/113/senate/sessions/1/votes/185.json
,S.Amdt. 1774 to S.Amdt. 1773,,,,,,,hr1911-113,https://api.propublica.org/congress/v1/113/bills/hr1911.json,Became Public Law No: 113-28.,H.R. 1911,K000363,"To amend the Higher Education Act of 1965 to establish interest rates for new loans made on or after July 1, 2013.",Senate,113,2013-07-24,To provide a sunset date.,C001100,,,,,No,On the Amendment S.Amdt. 1774 to S.Amdt. 1773 to H.R. 1911 (Smarter Solutions for Students Act),Amendment Rejected,184,1,17:44:00,65,1,0,34,https://api.propublica.org/congress/v1/113/senate/sessions/1/votes/184.json
,S.Amdt. 1778 to S.Amdt. 1773,,,,,,,hr1911-113,https://api.propublica.org/congress/v1/113/bills/hr1911.json,Became Public Law No: 113-28.,H.R. 1911,K000363,"To amend the Higher Education Act of 1965 to establish interest rates for new loans made on or after July 1, 2013.",Senate,113,2013-07-24,To provide for interest rate caps for certain Federal student loans.,C001100,,,,,No,On the Amendment S.Amdt. 1778 to S.Amdt. 1773 to H.R. 1911 (Smarter Solutions for Students Act),Amendment Rejected,183,1,17:15:00,53,1,0,46,https://api.propublica.org/congress/v1/113/senate/sessions/1/votes/183.json
,S.Amdt. 1744,,,,,,,s1243-113,https://api.propublica.org/congress/v1/113/bills/s1243.json,Cloture on the measure not invoked in Senate by Yea-Nay Vote. 54 - 43. Record Vote Number: 199.,S. 1243,M001111,"An original bill making appropriations for the Departments of Transportation, and Housing and Urban Development, and related agencies for the fiscal year ending September 30, 2014, and for other purposes.",Senate,113,2013-07-23,To prohibit funds to be used to provide housing assistance benefits to individuals convicted of certain felonies.,C001100,,,,,Yes,"On the Amendment S.Amdt. 1744 to S. 1243 (Transportation, Housing and Urban Development, and Related Agencies Appropriations)",Amendment Agreed to,182,1,16:46:00,1,0,0,99,https://api.propublica.org/congress/v1/113/senate/sessions/1/votes/182.json
,,,,,,,,s1243-113,https://api.propublica.org/congress/v1/113/bills/s1243.json,Cloture on the measure not invoked in Senate by Yea-Nay Vote. 54 - 43. Record Vote Number: 199.,S.1243,M001111,"An original bill making appropriations for the Departments of Transportation, and Housing and Urban Development, and related agencies for the fiscal year ending September 30, 2014, and for other purposes.",Senate,113,2013-07-23,"An original bill making appropriations for the Departments of Transportation, and Housing and Urban Development, and related agencies for the fiscal year ending September 30, 2014, and for other purposes.",C001100,,,,,Yes,On Cloture on the Motion to Proceed S. 1243,Cloture on the Motion to Proceed Agreed to,181,1,12:01:00,26,1,0,73,https://api.propublica.org/congress/v1/113/senate/sessions/1/votes/181.json
,,,,,,,,pn192-113,,,PN192,,,Senate,113,2013-07-18,"Regina McCarthy, of Massachusetts, to be Administrator of the Environmental Protection Agency",C001100,,,PN192-113,PN192,No,On the Nomination PN192,Nomination Confirmed,180,1,15:23:00,40,1,0,59,https://api.propublica.org/congress/v1/113/senate/sessions/1/votes/180.json
,,,,,,,,pn192-113,,,PN192,,,Senate,113,2013-07-18,"Regina McCarthy, of Massachusetts, to be Administrator of the Environmental Protection Agency",C001100,,,PN192-113,PN192,No,On the Cloture Motion PN192,Cloture Motion Agreed to,179,1,14:31:00,31,0,0,69,https://api.propublica.org/congress/v1/113/senate/sessions/1/votes/179.json
,,,,,,,,pn205-113,,,PN205,,,Senate,113,2013-07-18,"Thomas Edward Perez, of Maryland, to be Secretary of Labor",C001100,,,PN205-113,PN205,No,On the Nomination PN205,Nomination Confirmed,178,1,12:17:00,46,0,0,54,https://api.propublica.org/congress/v1/113/senate/sessions/1/votes/178.json
,,,,,,,,pn205-113,,,PN205,,,Senate,113,2013-07-17,"Thomas Edward Perez, of Maryland, to be Secretary of Labor",C001100,,,PN205-113,PN205,No,On the Cloture Motion PN205,Cloture Motion Agreed to,177,1,16:08:00,40,0,0,60,https://api.propublica.org/congress/v1/113/senate/sessions/1/votes/177.json
,,,,,,,,pn239-113,,,PN239,,,Senate,113,2013-07-17,"Fred P. Hochberg, of New York, to be President of the Export-Import Bank of the United States for a term expiring January 20, 2017",C001100,,,PN239-113,PN239,Yes,On the Nomination PN239,Nomination Confirmed,176,1,15:37:00,17,1,0,82,https://api.propublica.org/congress/v1/113/senate/sessions/1/votes/176.json
,,,,,,,,pn239-113,,,PN239,,,Senate,113,2013-07-17,"Fred P. Hochberg, of New York, to be President of the Export-Import Bank of the United States for a term expiring January 20, 2017",C001100,,,PN239-113,PN239,Yes,On the Cloture Motion PN239,Cloture Motion Agreed to,175,1,10:01:00,18,0,0,82,https://api.propublica.org/congress/v1/113/senate/sessions/1/votes/175.json
,,,,,,,,pn157-113,,,PN157,,,Senate,113,2013-07-16,"Richard Cordray, of Ohio, to be Director, Bureau of Consumer Financial Protection for a term of five years",C001100,,,PN157-113,PN157,No,On the Nomination PN157,Nomination Confirmed,174,1,17:00:00,34,0,0,66,https://api.propublica.org/congress/v1/113/senate/sessions/1/votes/174.json
,,,,,,,,pn157-113,,,PN157,,,Senate,113,2013-07-16,"Richard Cordray, of Ohio, to be Director, Bureau of Consumer Financial Protection for a term of five years",C001100,,,PN157-113,PN157,No,On the Cloture Motion PN157,Cloture Motion Agreed to,173,1,11:02:00,29,0,0,71,https://api.propublica.org/congress/v1/113/senate/sessions/1/votes/173.json
,,,,,,,,s1238-113,https://api.propublica.org/congress/v1/113/bills/s1238.json,Motion to proceed to consideration of measure made in Senate. (consideration: CR S5717-5718),S.1238,R000122,"A bill to amend the Higher Education Act of 1965 to extend the current reduced interest rate for undergraduate Federal Direct Stafford Loans for 1 year, to modify required distribution rules for pension plans, and for other purposes.",Senate,113,2013-07-15,"A bill to amend the Higher Education Act of 1965 to extend the current reduced interest rate for undergraduate Federal Direct Stafford Loans for 1 year, to modify required distribution ...",C001100,,,,,No,On the Motion for Attendance S. 1238,Motion for Attendance Agreed to,172,1,17:39:00,28,3,0,69,https://api.propublica.org/congress/v1/113/senate/sessions/1/votes/172.json
,,,,,,,,s1238-113,https://api.propublica.org/congress/v1/113/bills/s1238.json,Motion to proceed to consideration of measure made in Senate. (consideration: CR S5717-5718),S.1238,R000122,"A bill to amend the Higher Education Act of 1965 to extend the current reduced interest rate for undergraduate Federal Direct Stafford Loans for 1 year, to modify required distribution rules for pension plans, and for other purposes.",Senate,113,2013-07-10,"A bill to amend the Higher Education Act of 1965 to extend the current reduced interest rate for undergraduate Federal Direct Stafford Loans for 1 year, to modify required distribution ...",C001100,,,,,No,On the Cloture Motion S. 1238,Cloture Motion Rejected,171,1,12:01:00,49,0,0,51,https://api.propublica.org/congress/v1/113/senate/sessions/1/votes/171.json
,,,,,,,,pn14-113,,,PN14,,,Senate,113,2013-07-09,"Jennifer A. Dorsey, of Nevada, to be United States District Judge for the District of Nevada",C001100,,,PN14-113,PN14,No,On the Nomination PN14,Nomination Confirmed,170,1,12:01:00,41,5,0,54,https://api.propublica.org/congress/v1/113/senate/sessions/1/votes/170.json
,,,,,,,,pn128-113,,,PN128,,,Senate,113,2013-07-08,"Gregory Alan Phillips, of Wyoming, to be United States Circuit Judge for the Tenth Circuit",C001100,,,PN128-113,PN128,Yes,On the Nomination PN128,Nomination Confirmed,169,1,17:29:00,0,12,0,88,https://api.propublica.org/congress/v1/113/senate/sessions/1/votes/169.json
,,,,,,,,s744-113,https://api.propublica.org/congress/v1/113/bills/s744.json,Committee on the Judiciary. Hearings held.,S.744,S000148,A bill to provide for comprehensive immigration reform and for other purposes.,Senate,113,2013-06-27,A bill to provide for comprehensive immigration reform and for other purposes.,C001100,,,,,Yes,On Passage of the Bill S. 744,Bill Passed,168,1,16:11:00,32,0,0,68,https://api.propublica.org/congress/v1/113/senate/sessions/1/votes/168.json
,,,,,,,,s744-113,https://api.propublica.org/congress/v1/113/bills/s744.json,Committee on the Judiciary. Hearings held.,S.744,S000148,A bill to provide for comprehensive immigration reform and for other purposes.,Senate,113,2013-06-27,A bill to provide for comprehensive immigration reform and for other purposes.,C001100,,,,,Yes,On the Cloture Motion S. 744,Cloture Motion Agreed to,167,1,12:21:00,32,0,0,68,https://api.propublica.org/congress/v1/113/senate/sessions/1/votes/167.json
,,,,,,,,s744-113,https://api.propublica.org/congress/v1/113/bills/s744.json,Committee on the Judiciary. Hearings held.,S.744,S000148,A bill to provide for comprehensive immigration reform and for other purposes.,Senate,113,2013-06-27,A bill to provide for comprehensive immigration reform and for other purposes.,C001100,,,,,Yes,On the Amendment S. 744,Amendment Agreed to,166,1,12:04:00,32,0,0,68,https://api.propublica.org/congress/v1/113/senate/sessions/1/votes/166.json
,,,,,,,,pn406-113,,,PN406,,,Senate,113,2013-06-27,"Anthony Renard Foxx, of North Carolina, to be Secretary of Transportation",C001100,,,PN406-113,PN406,Yes,On the Nomination PN406,Nomination Confirmed,165,1,11:36:00,0,0,0,100,https://api.propublica.org/congress/v1/113/senate/sessions/1/votes/165.json
,,,,,,,,s744-113,https://api.propublica.org/congress/v1/113/bills/s744.json,Committee on the Judiciary. Hearings held.,S.744,S000148,A bill to provide for comprehensive immigration reform and for other purposes.,Senate,113,2013-06-26,A bill to provide for comprehensive immigration reform and for other purposes.,C001100,,,,,No,On the Cloture Motion S. 744,Cloture Motion Agreed to,164,1,12:35:00,31,2,0,67,https://api.propublica.org/congress/v1/113/senate/sessions/1/votes/164.json
https://api.propublica.org/congress/v1/113/amendments/samdt1183.json,S.Amdt. 1183,Patrick J. Leahy,L000174,D,Vt.,https://api.propublica.org/congress/v1/members/L000174.json,,s744-113,https://api.propublica.org/congress/v1/113/bills/s744.json,Committee on the Judiciary. Hearings held.,S. 744,S000148,A bill to provide for comprehensive immigration reform and for other purposes.,Senate,113,2013-06-26,To strengthen border security and enforcement.,C001100,,,,,Yes,"On the Amendment S.Amdt. 1183 to S. 744 (Border Security, Economic Opportunity, and Immigration Modernization Act)",Amendment Agreed to,163,1,12:16:00,29,2,0,69,https://api.propublica.org/congress/v1/113/senate/sessions/1/votes/163.json
,,,,,,,,s744-113,https://api.propublica.org/congress/v1/113/bills/s744.json,Committee on the Judiciary. Hearings held.,S.744,S000148,A bill to provide for comprehensive immigration reform and for other purposes.,Senate,113,2013-06-26,A bill to provide for comprehensive immigration reform and for other purposes.,C001100,,,,,Yes,"On the Motion (Motion to Waive All Applicable Budgetary Discipline Re: S. 744 and Amdt. No. 1183, As Modified)",Motion Agreed to,162,1,11:36:00,30,2,0,68,https://api.propublica.org/congress/v1/113/senate/sessions/1/votes/162.json
,,,,,,,,pn413-113,,,PN413,,,Senate,113,2013-06-25,"Penny Pritzker, of Illinois, to be Secretary of Commerce",C001100,,,PN413-113,PN413,Yes,On the Nomination PN413,Nomination Confirmed,161,1,14:45:00,1,2,0,97,https://api.propublica.org/congress/v1/113/senate/sessions/1/votes/161.json
https://api.propublica.org/congress/v1/113/amendments/samdt1183.json,S.Amdt. 1183,Patrick J. Leahy,L000174,D,Vt.,https://api.propublica.org/congress/v1/members/L000174.json,,s744-113,https://api.propublica.org/congress/v1/113/bills/s744.json,Committee on the Judiciary. Hearings held.,S. 744,S000148,A bill to provide for comprehensive immigration reform and for other purposes.,Senate,113,2013-06-24,To strengthen border security and enforcement.,C001100,,,,,Yes,"On the Cloture Motion S.Amdt. 1183 to S. 744 (Border Security, Economic Opportunity, and Immigration Modernization Act)",Cloture Motion Agreed to,160,1,17:34:00,27,6,0,67,https://api.propublica.org/congress/v1/113/senate/sessions/1/votes/160.json
https://api.propublica.org/congress/v1/113/amendments/samdt1251.json,S.Amdt. 1251,John Cornyn,C001056,R,Tex.,https://api.propublica.org/congress/v1/members/C001056.json,,s744-113,https://api.propublica.org/congress/v1/113/bills/s744.json,Committee on the Judiciary. Hearings held.,S. 744,S000148,A bill to provide for comprehensive immigration reform and for other purposes.,Senate,113,2013-06-20,"Requiring Enforcement, Security and safety while Upgrading Lawful Trade and travel Simultaneously (RESULTS).",C001100,,,,,No,"On the Motion to Table S.Amdt. 1251 to S. 744 (Border Security, Economic Opportunity, and Immigration Modernization Act)",Motion to Table Agreed to,159,1,12:02:00,43,3,0,54,https://api.propublica.org/congress/v1/113/senate/sessions/1/votes/159.json
,,,,,,,,pn407-113,,,PN407,,,Senate,113,2013-06-19,"Michael Froman, of New York, to be United States Trade Representative, with the rank of Ambassador",C001100,,,PN407-113,PN407,Not Voting,On the Nomination PN407,Nomination Confirmed,158,1,17:54:00,4,2,1,93,https://api.propublica.org/congress/v1/113/senate/sessions/1/votes/158.json
https://api.propublica.org/congress/v1/113/amendments/samdt1227.json,S.Amdt. 1227,Dean Heller,H001041,R,Nev.,https://api.propublica.org/congress/v1/members/H001041.json,,s744-113,https://api.propublica.org/congress/v1/113/bills/s744.json,Committee on the Judiciary. Hearings held.,S. 744,S000148,A bill to provide for comprehensive immigration reform and for other purposes.,Senate,113,2013-06-19,To include a representative from the Southwestern State of Nevada on the Southern Border Security Commission.,C001100,,,,,Not Voting,"On the Amendment S.Amdt. 1227 to S. 744 (Border Security, Economic Opportunity, and Immigration Modernization Act)",Amendment Agreed to,157,1,17:28:00,9,2,0,89,https://api.propublica.org/congress/v1/113/senate/sessions/1/votes/157.json
https://api.propublica.org/congress/v1/113/amendments/samdt1208.json,S.Amdt. 1208,Mike Lee,L000577,R,Utah,https://api.propublica.org/congress/v1/members/L000577.json,,s744-113,https://api.propublica.org/congress/v1/113/bills/s744.json,Committee on the Judiciary. Hearings held.,S. 744,S000148,A bill to provide for comprehensive immigration reform and for other purposes.,Senate,113,2013-06-19,To require fast-track congressional approval when the Secretary of Homeland Security notifies Congress of the implementation of the border security strategies and certifies that the strategies are substantially operational.,C001100,,,,,Not Voting,"On the Amendment S.Amdt. 1208 to S. 744 (Border Security, Economic Opportunity, and Immigration Modernization Act)",Amendment Rejected,156,1,17:08:00,59,2,0,39,https://api.propublica.org/congress/v1/113/senate/sessions/1/votes/156.json
https://api.propublica.org/congress/v1/113/amendments/samdt1268.json,S.Amdt. 1268,Joe Manchin III,M001183,D,W.Va.,https://api.propublica.org/congress/v1/members/M001183.json,,s744-113,https://api.propublica.org/congress/v1/113/bills/s744.json,Committee on the Judiciary. Hearings held.,S. 744,S000148,A bill to provide for comprehensive immigration reform and for other purposes.,Senate,113,2013-06-19,To provide for common sense limitations on salaries for contractor executives and employees involved in border security.,C001100,,,,,Not Voting,"On the Amendment S.Amdt. 1268 to S. 744 (Border Security, Economic Opportunity, and Immigration Modernization Act)",Amendment Agreed to,155,1,16:39:00,26,2,0,72,https://api.propublica.org/congress/v1/113/senate/sessions/1/votes/155.json
https://api.propublica.org/congress/v1/113/amendments/samdt1200.json,S.Amdt. 1200,Rand Paul,P000603,R,Ky.,https://api.propublica.org/congress/v1/members/P000603.json,,s744-113,https://api.propublica.org/congress/v1/113/bills/s744.json,Committee on the Judiciary. Hearings held.,S. 744,S000148,A bill to provide for comprehensive immigration reform and for other purposes.,Senate,113,2013-06-19,"To provide for enhanced border security, including strong border security metrics and congressional votes on border security and for other purposes.",C001100,,,,,Not Voting,"On the Motion to Table S.Amdt. 1200 to S. 744 (Border Security, Economic Opportunity, and Immigration Modernization Act)",Motion to Table Agreed to,154,1,15:45:00,37,2,0,61,https://api.propublica.org/congress/v1/113/senate/sessions/1/votes/154.json
https://api.propublica.org/congress/v1/113/amendments/samdt1198.json,S.Amdt. 1198,Jon Tester,T000464,D,Mont.,https://api.propublica.org/congress/v1/members/T000464.json,,s744-113,https://api.propublica.org/congress/v1/113/bills/s744.json,Committee on the Judiciary. Hearings held.,S. 744,S000148,A bill to provide for comprehensive immigration reform and for other purposes.,Senate,113,2013-06-18,To modify the Border Oversight Task Force to include tribal government officials.,C001100,,,,,Yes,"On the Amendment S.Amdt. 1198 to S. 744 (Border Security, Economic Opportunity, and Immigration Modernization Act)",Amendment Agreed to,153,1,15:56:00,0,6,0,94,https://api.propublica.org/congress/v1/113/senate/sessions/1/votes/153.json
https://api.propublica.org/congress/v1/113/amendments/samdt1228.json,S.Amdt. 1228,David Vitter,V000127,R,La.,https://api.propublica.org/congress/v1/members/V000127.json,,s744-113,https://api.propublica.org/congress/v1/113/bills/s744.json,Committee on the Judiciary. Hearings held.,S. 744,S000148,A bill to provide for comprehensive immigration reform and for other purposes.,Senate,113,2013-06-18,"To prohibit the temporary grant of legal status to, or adjustment to citizenship status of, any individual who is unlawfully present in the United States until the Secretary of Homeland ...",C001100,,,,,Yes,"On the Amendment S.Amdt. 1228 to S. 744 (Border Security, Economic Opportunity, and Immigration Modernization Act)",Amendment Rejected,152,1,15:35:00,58,6,0,36,https://api.propublica.org/congress/v1/113/senate/sessions/1/votes/152.json
https://api.propublica.org/congress/v1/113/amendments/samdt1197.json,S.Amdt. 1197,John Thune,T000250,R,S.D.,https://api.propublica.org/congress/v1/members/T000250.json,,s744-113,https://api.propublica.org/congress/v1/113/bills/s744.json,Committee on the Judiciary. Hearings held.,S. 744,S000148,A bill to provide for comprehensive immigration reform and for other purposes.,Senate,113,2013-06-18,"To require the completion of the 350 miles of reinforced, double-layered fencing described in section 102(b)(1)(A) of the Illegal Immigration Reform and Immigrant Responsibility Act of 1996 before registered provisional ...",C001100,,,,,Yes,"On the Amendment S.Amdt. 1197 to S. 744 (Border Security, Economic Opportunity, and Immigration Modernization Act)",Amendment Rejected,151,1,15:01:00,54,7,0,39,https://api.propublica.org/congress/v1/113/senate/sessions/1/votes/151.json
,,,,,,,,pn16-113,,,PN16,,,Senate,113,2013-06-17,"Kenneth John Gonzales, of New Mexico, to be United States District Judge for the District of New Mexico",C001100,,,PN16-113,PN16,Yes,On the Nomination PN16,Nomination Confirmed,150,1,17:32:00,0,11,0,89,https://api.propublica.org/congress/v1/113/senate/sessions/1/votes/150.json
,,,,,,,,pn28-113,,,PN28,,,Senate,113,2013-06-13,"Jeffrey L. Schmehl, of Pennsylvania, to be United States District Judge for the Eastern District of Pennsylvania",C001100,,,PN28-113,PN28,Yes,On the Nomination PN28,Nomination Confirmed,149,1,12:04:00,0,0,0,100,https://api.propublica.org/congress/v1/113/senate/sessions/1/votes/149.json
https://api.propublica.org/congress/v1/113/amendments/samdt1195.json,S.Amdt. 1195,Charles E. Grassley,G000386,R,Iowa,https://api.propublica.org/congress/v1/members/G000386.json,,s744-113,https://api.propublica.org/congress/v1/113/bills/s744.json,Committee on the Judiciary. Hearings held.,S. 744,S000148,A bill to provide for comprehensive immigration reform and for other purposes.,Senate,113,2013-06-13,To prohibit the granting of registered provisional immigrant status until the Secretary has maintained effective control of the borders for 6 months.,C001100,,,,,No,"On the Motion to Table S.Amdt. 1195 to S. 744 (Border Security, Economic Opportunity, and Immigration Modernization Act)",Motion to Table Agreed to,148,1,10:06:00,43,0,0,57,https://api.propublica.org/congress/v1/113/senate/sessions/1/votes/148.json
,,,,,,,,s744-113,https://api.propublica.org/congress/v1/113/bills/s744.json,Committee on the Judiciary. Hearings held.,S.744,S000148,A bill to provide for comprehensive immigration reform and for other purposes.,Senate,113,2013-06-11,A bill to provide for comprehensive immigration reform and for other purposes.,C001100,,,,,Yes,On the Motion to Proceed S. 744,Motion to Proceed Agreed to,147,1,16:01:00,15,1,0,84,https://api.propublica.org/congress/v1/113/senate/sessions/1/votes/147.json
,,,,,,,,s744-113,https://api.propublica.org/congress/v1/113/bills/s744.json,Committee on the Judiciary. Hearings held.,S.744,S000148,A bill to provide for comprehensive immigration reform and for other purposes.,Senate,113,2013-06-11,A bill to provide for comprehensive immigration reform and for other purposes.,C001100,,,,,Yes,On Cloture on the Motion to Proceed S. 744,Cloture on the Motion to Proceed Agreed to,146,1,14:15:00,15,3,0,82,https://api.propublica.org/congress/v1/113/senate/sessions/1/votes/146.json
,,,,,,,,s954-113,https://api.propublica.org/congress/v1/113/bills/s954.json,"By Senator Stabenow from Committee on Agriculture, Nutrition, and Forestry filed written report under authority of the order of the Senate of 08/01/2013. Report No. 113-88. Additional views filed.",S.954,S000770,An original bill to reauthorize agricultural programs through 2018.,Senate,113,2013-06-10,An original bill to reauthorize agricultural programs through 2018.,C001100,,,,,Yes,On Passage of the Bill S. 954,Bill Passed,145,1,18:03:00,27,7,0,66,https://api.propublica.org/congress/v1/113/senate/sessions/1/votes/145.json
https://api.propublica.org/congress/v1/113/amendments/samdt998.json,S.Amdt. 998,Patrick J. Leahy,L000174,D,Vt.,https://api.propublica.org/congress/v1/members/L000174.json,,s954-113,https://api.propublica.org/congress/v1/113/bills/s954.json,"By Senator Stabenow from Committee on Agriculture, Nutrition, and Forestry filed written report under authority of the order of the Senate of 08/01/2013. Report No. 113-88. Additional views filed.",S. 954,S000770,An original bill to reauthorize agricultural programs through 2018.,Senate,113,2013-06-10,An original bill to reauthorize agricultural programs through 2018.,C001100,,,,,No,"On the Amendment S.Amdt. 998 to S. 954 (Agriculture Reform, Food, and Jobs Act of 2013)",Amendment Agreed to,144,1,17:33:00,38,14,0,48,https://api.propublica.org/congress/v1/113/senate/sessions/1/votes/144.json
