amendment.number,bill.api_uri,bill.bill_id,bill.latest_action,bill.number,bill.title,chamber,congress,date,description,member_id,position,question,result,roll_call,session,time,total.no,total.not_voting,total.present,total.yes,vote_uri
,,h.j.res.124-107,,H.J.Res..124,,Senate,107,2002-11-19,"H.J.Res. 124; A joint resolution making further continuing appropriations for the fiscal year 2003, and for other purposes.",B001237,Yes,On the Joint Resolution,Agreed to,253,2,21:22:00,2,6,0,92,https://api.propublica.org/congress/v1/107/senate/sessions/2/votes/253.json
,,h.r.3210-107,,H.R..3210,,Senate,107,2002-11-19,H.R. 3210 Conference Report ; Terrorism Risk Insurance Act of 2002,B001237,Yes,On the Conference Report,Agreed to,252,2,20:37:00,11,3,0,86,https://api.propublica.org/congress/v1/107/senate/sessions/2/votes/252.json
,,h.r.3210-107,,H.R..3210,,Senate,107,2002-11-19,Motion to Invoke Cloture on the Conference Report to Accompany H.R. 3210; Terrorism Risk Insurance Act of 2002,B001237,Yes,On the Cloture Motion,Agreed to,251,2,20:21:00,12,3,0,85,https://api.propublica.org/congress/v1/107/senate/sessions/2/votes/251.json
,,-107,,,,Senate,107,2002-11-19,"Confirmation Dennis W. Shedd, of South Carolina, to be U.S. Circuit Judge",B001237,No,On the Nomination,Confirmed,250,2,20:03:00,44,1,0,55,https://api.propublica.org/congress/v1/107/senate/sessions/2/votes/250.json
,,h.r.5005-107,,H.R..5005,,Senate,107,2002-11-19,"H.R. 5005, as amended; Homeland Security Act of 2002",B001237,Yes,On Passage of the Bill,Passed,249,2,19:34:00,9,1,0,90,https://api.propublica.org/congress/v1/107/senate/sessions/2/votes/249.json
,,h.r.5005-107,,H.R..5005,,Senate,107,2002-11-19,"Motion to Invoke Cloture on H.R. 5005, as amended; Homeland Security Act of 2002",B001237,Yes,On the Cloture Motion,Agreed to,248,2,12:08:00,16,1,0,83,https://api.propublica.org/congress/v1/107/senate/sessions/2/votes/248.json
S.Amdt. 4901,,h.r.5005-107,,H.R..5005,,Senate,107,2002-11-19,"Thompson For Gramm Amdt. No. 4901; To establish the Department of Homeland Security, and for other purposes.",B001237,Yes,On the Amendment ,Agreed to,247,2,11:46:00,26,1,0,73,https://api.propublica.org/congress/v1/107/senate/sessions/2/votes/247.json
S.Amdt. 4901,,h.r.5005-107,,H.R..5005,,Senate,107,2002-11-19,"Motion to Waive CBA Re: Thompson Amdt. No. 4901; To establish the Department of Homeland Security, and for other purposes.",B001237,Yes,On the Motion ,Agreed to,246,2,11:23:00,30,1,0,69,https://api.propublica.org/congress/v1/107/senate/sessions/2/votes/246.json
S.Amdt. 4953,,h.r.5005-107,,H.R..5005,,Senate,107,2002-11-19,Lieberman Amdt. No. 4953; Of a perfecting nature.,B001237,No,On the Amendment ,Rejected,245,2,10:45:00,52,1,0,47,https://api.propublica.org/congress/v1/107/senate/sessions/2/votes/245.json
S.Amdt. 4901,,h.r.5005-107,,H.R..5005,,Senate,107,2002-11-15,"Motion to Invoke Cloture on the Gramm Amdt. No. 4901; To establish the Department of Homeland Security, and for other purposes.",B001237,Yes,On the Cloture Motion ,Agreed to,244,2,10:54:00,29,6,0,65,https://api.propublica.org/congress/v1/107/senate/sessions/2/votes/244.json
,,s.1214-107,,S..1214,,Senate,107,2002-11-14,Conference Report to Accompany S. 1214; Maritime Transportation Security Act of 2002,B001237,Yes,On the Conference Report,Agreed to,243,2,11:14:00,0,5,0,95,https://api.propublica.org/congress/v1/107/senate/sessions/2/votes/243.json
S.Amdt. 4900,,h.r.5005-107,,H.R..5005,,Senate,107,2002-11-13,Motion to Table Feingold Amdt. No. 4900; To provide that Members of Congress shall not receive a cost of living adjustment in pay during fiscal year 2003.,B001237,Yes,On the Motion to Table ,Agreed to,242,2,16:00:00,36,6,0,58,https://api.propublica.org/congress/v1/107/senate/sessions/2/votes/242.json
S.Amdt. 4471,,h.r.5005-107,,H.R..5005,,Senate,107,2002-11-13,Motion to Table Lieberman Amdt. No. 4471; To provide a substitute.,B001237,Yes,On the Motion to Table ,Agreed to,241,2,15:51:00,47,3,0,50,https://api.propublica.org/congress/v1/107/senate/sessions/2/votes/241.json
S.Amdt. 4738,,h.r.5005-107,,H.R..5005,,Senate,107,2002-11-13,"Motion to Invoke Cloture on the Gramm Amdt. No. 4738 to H.R. 5005, upon reconsideration; To prevent terrorist attacks within the United States.",B001237,Yes,On the Cloture Motion ,Agreed to,240,2,14:46:00,8,3,0,89,https://api.propublica.org/congress/v1/107/senate/sessions/2/votes/240.json
