amendment.number,bill.api_uri,bill.bill_id,bill.latest_action,bill.number,bill.title,chamber,congress,date,description,member_id,position,question,result,roll_call,session,time,total.no,total.not_voting,total.present,total.yes,vote_uri
,,h.r.11-102,,H.R..11,,Senate,102,1992-10-08,Conference report; Revenue Act of 1992 Taxpayer Bill of Rights Social Security Amendments of 1992,B001076,Present,On the Conference Report,Agreed to,270,2,15:42:00,22,10,1,67,https://api.propublica.org/congress/v1/102/senate/sessions/2/votes/270.json
,,h.r.11-102,,H.R..11,,Senate,102,1992-10-08,motion to waive cba @ conference rept to h.r.11; Revenue Act of 1992 Taxpayer Bill of Rights Social Security Amendments of 1992,B001076,Yes,On the Conference Report,Agreed to,269,2,14:13:00,29,11,0,60,https://api.propublica.org/congress/v1/102/senate/sessions/2/votes/269.json
,,h.r.11-102,,H.R..11,,Senate,102,1992-10-08,cloture motion on conference report on h.r.11; Revenue Act of 1992 Taxpayer Bill of Rights Social Security Amendments of 1992,B001076,Yes,On the Cloture Motion,Agreed to,268,2,13:47:00,10,10,0,80,https://api.propublica.org/congress/v1/102/senate/sessions/2/votes/268.json
,,h.r.429-102,,H.R..429,,Senate,102,1992-10-08,conference report on h.r.429; Reclamation Projects Authorization and Adjustment Act of 1991 Central Utah Project Completion Act Reclamation Reform Act Amendments of 1991 Grand Canyon Protection Act Mid-Dakota Rural Water ...,B001076,Yes,On the Conference Report,Agreed to,267,2,12:30:00,8,8,1,83,https://api.propublica.org/congress/v1/102/senate/sessions/2/votes/267.json
,,h.r.776-102,,H.R..776,,Senate,102,1992-10-08,cloture motion on conference report on h.r.776; National Energy Efficiency Act of 1991,B001076,Yes,On the Cloture Motion,Agreed to,266,2,11:01:00,8,8,0,84,https://api.propublica.org/congress/v1/102/senate/sessions/2/votes/266.json
,,h.r.5427-102,,H.R..5427,,Senate,102,1992-10-05,"conference report to h.r.5427; Congressional Operations Appropriations Act, 1993 Legislative Branch Appropriations Act, 1993",B001076,Yes,On the Conference Report,Agreed to,265,2,18:50:00,30,2,0,68,https://api.propublica.org/congress/v1/102/senate/sessions/2/votes/265.json
,,s.12-102,,S..12,,Senate,102,1992-10-05,passage of s.12 over veto; Cable Television Consumer Protection and Competition Act of 1992,B001076,Yes,On Overriding the Veto,Veto Overridden,264,2,18:07:00,25,0,1,74,https://api.propublica.org/congress/v1/102/senate/sessions/2/votes/264.json
,,s.2899-102,,S..2899,,Senate,102,1992-10-02,"cloture motion; A bill to amend the Public Health Service Act to revise and extend the programs of the National Institutes of Health, and for other purposes.",B001076,Yes,On the Cloture Motion,Agreed to,263,2,14:21:00,12,3,0,85,https://api.propublica.org/congress/v1/102/senate/sessions/2/votes/263.json
,,h.r.3371-102,,H.R..3371,,Senate,102,1992-10-02,"cloture motion, motion to proceed to conf rept to h.r.3371; Federal Death Penalty Act of 1991 Death Penalty for Drug Kingpins Act of 1991 Drive-By-Shooting Prevention Act of 1991 Habeas ...",B001076,Yes,On the Cloture Motion,Rejected,262,2,12:32:00,43,2,0,55,https://api.propublica.org/congress/v1/102/senate/sessions/2/votes/262.json
,,s.2-102,,S..2,,Senate,102,1992-10-02,motion to proceed to conference report on s.2; Neighborhood Schools Improvement Act Neighborhood Schools Improvement Programs Act Flexibility for Education Effectiveness Act of 1992,B001076,Yes,On the Cloture Motion,Rejected,261,2,10:44:00,40,1,0,59,https://api.propublica.org/congress/v1/102/senate/sessions/2/votes/261.json
,,h.r.5678-102,,H.R..5678,,Senate,102,1992-10-01,"Conference Report; Department of Justice and Related Agencies Appropriations Act, 1993 Department of Commerce Appropriations Act, 1993 Judiciary Appropriations Act, 1993 Department of State and Related Agencies Appropriations Act, 1993 ...",B001076,Yes,On the Conference Report,Agreed to,260,2,16:38:00,16,2,0,82,https://api.propublica.org/congress/v1/102/senate/sessions/2/votes/260.json
,,h.r.5427-102,,H.R..5427,,Senate,102,1992-10-01,"final passage of h.r.5427, as amended; Congressional Operations Appropriations Act, 1993 Legislative Branch Appropriations Act, 1993",B001076,Yes,On Passage of the Bill,Passed,259,2,16:19:00,23,2,0,75,https://api.propublica.org/congress/v1/102/senate/sessions/2/votes/259.json
S.Amdt. 3358,,h.r.5427-102,,H.R..5427,,Senate,102,1992-10-01,danforth amdt no. 3358; To provide for the payment of attorney&#39;s fees incurred by a nominee in connection with the consideration by the Senate of a nomination to Federal office ...,B001076,No,On the Amendment ,Rejected,258,2,16:03:00,87,2,0,11,https://api.propublica.org/congress/v1/102/senate/sessions/2/votes/258.json
S.Amdt. 3357,,h.r.5427-102,,H.R..5427,,Senate,102,1992-10-01,"seymour amdt no. 3357; To reduce the legislative branch budget by 15 percent over the next three years, to prohibit the carrying over of funds from one year to the ...",B001076,Yes,On the Amendment ,Agreed to,257,2,15:34:00,13,2,0,85,https://api.propublica.org/congress/v1/102/senate/sessions/2/votes/257.json
,,h.r.5368-102,,H.R..5368,,Senate,102,1992-10-01,"H.R. 5368, as amended; Foreign Operations, Export Financing, and Related Programs Appropriations Act, 1993",B001076,Yes,On Passage of the Bill,Passed,256,2,11:52:00,12,1,0,87,https://api.propublica.org/congress/v1/102/senate/sessions/2/votes/256.json
,,h.r.5318-102,,H.R..5318,,Senate,102,1992-10-01,passage of h.r.5318 over veto; United States-China Act of 1992,B001076,Yes,On Overriding the Veto,Veto Sustained,255,2,11:36:00,40,1,0,59,https://api.propublica.org/congress/v1/102/senate/sessions/2/votes/255.json
,,s.323-102,,S..323,,Senate,102,1992-10-01,Passage of s.323 over veto; Family Planning Amendments Act of 1992,B001076,Yes,On Overriding the Veto,Veto Overridden,254,2,11:18:00,26,1,0,73,https://api.propublica.org/congress/v1/102/senate/sessions/2/votes/254.json
,,-102,,,,Senate,102,1992-10-01,"resolution of ratification, start treaty, no. 102-20/23; The Treaty between the United States of America and the Union of Soviet Socialist Republics on the Reduction and Limitation of Strategic Offensive ...",B001076,Yes,On Passage of the Bill,Passed,253,2,10:57:00,6,1,0,93,https://api.propublica.org/congress/v1/102/senate/sessions/2/votes/253.json
S.Amdt. 3339,,h.r.5368-102,,H.R..5368,,Senate,102,1992-09-30,helms amdt no.3339; To reduce total budget authority in the bill by 10 percent (excluding amounts paid to foreign countries by law) and use the savings to reduce the deficit.,B001076,No,On the Amendment ,Rejected,252,2,16:36:00,58,4,0,38,https://api.propublica.org/congress/v1/102/senate/sessions/2/votes/252.json
S.Amdt. 3335,,h.r.5368-102,,H.R..5368,,Senate,102,1992-09-30,kasten amdt.; Regarding peaceful settlement in the Western Sahara.,B001076,Yes,On the Amendment ,Rejected,251,2,15:06:00,56,4,0,40,https://api.propublica.org/congress/v1/102/senate/sessions/2/votes/251.json
S.Amdt. 3270,,-102,,,,Senate,102,1992-09-30,Wallop Amdt. No. 3270; To further the interests of the U.S. in connection with the START Treaty ratification.,B001076,No,On the Amendment,Rejected,250,2,09:01:00,86,4,0,10,https://api.propublica.org/congress/v1/102/senate/sessions/2/votes/250.json
,,h.r.11-102,,H.R..11,,Senate,102,1992-09-29,"H.R. 11, As Amended; Revenue Act of 1992 Taxpayer Bill of Rights Social Security Amendments of 1992",B001076,Yes,On Passage of the Bill,Passed,249,2,18:46:00,29,1,0,70,https://api.propublica.org/congress/v1/102/senate/sessions/2/votes/249.json
S.Amdt. 3301,,-102,,,,Senate,102,1992-09-29,"Wallop Amdt No. 3301; To limit the enforcement of the treaties until the President certifies that all Non-Deployed Missiles for silo and mobile launchers or ICBMs, and launchers for SLBMs ...",B001076,No,On the Amendment,Rejected,248,2,18:06:00,88,1,0,11,https://api.propublica.org/congress/v1/102/senate/sessions/2/votes/248.json
S.Amdt. 3260,,-102,,,,Senate,102,1992-09-29,Wallop Amdt No. 3260; To limit the effect of the treaties until the President certifies that all MIRVed ICBMs shall be eliminated.,B001076,No,On the Amendment,Rejected,247,2,16:31:00,83,1,0,16,https://api.propublica.org/congress/v1/102/senate/sessions/2/votes/247.json
,,-102,,,,Senate,102,1992-09-29,Cloture Motion @ Treaty 102-20/32; The Treaty between the United States of America and the Union of Soviet Socialist Republics on the Reduction and Limitation of Strategic Offensive Arms (the ...,B001076,Yes,On the Cloture Motion,Agreed to,246,2,10:16:00,6,7,0,87,https://api.propublica.org/congress/v1/102/senate/sessions/2/votes/246.json
S.Amdt. 3203,,h.r.11-102,,H.R..11,,Senate,102,1992-09-26,Riegle Amdt. No. 3203; To express the sense of the Senate with respect to the tariff classification of multipurpose vehicles.,B001076,Not Voting,On the Amendment ,Rejected,245,2,11:41:00,37,27,0,36,https://api.propublica.org/congress/v1/102/senate/sessions/2/votes/245.json
S.Amdt. 3203,,h.r.11-102,,H.R..11,,Senate,102,1992-09-26,Motion To Table Riegle Amendment No. 3203; To express the sense of the Senate with respect to the tariff classification of multipurpose vehicles.,B001076,Not Voting,On the Motion to Table ,Rejected,244,2,11:12:00,37,26,1,36,https://api.propublica.org/congress/v1/102/senate/sessions/2/votes/244.json
S.Amdt. 3200,,h.r.11-102,,H.R..11,,Senate,102,1992-09-26,"Motion To Table Amendment No. 3200; To increase the supplemental young child credit and phaseout percentages as such percentages relate to the earned income credit, to amend the provision relating ...",B001076,Not Voting,On the Motion to Table ,Agreed to,243,2,09:23:00,30,24,0,46,https://api.propublica.org/congress/v1/102/senate/sessions/2/votes/243.json
S.Amdt. 3195,,h.r.5679-102,,H.R..5679,,Senate,102,1992-09-25,Motion To Table Metzenbaum (For Wirth) Amdt No. 3195; To extend the statute of limitations for certain actions in tort brought by the Resolution Trust Corporation in its capacity as ...,B001076,Not Voting,On the Motion to Table ,Rejected,242,2,22:17:00,68,14,0,18,https://api.propublica.org/congress/v1/102/senate/sessions/2/votes/242.json
S.Amdt. 3189,,h.r.11-102,,H.R..11,,Senate,102,1992-09-25,Motion To Table Amendment No. 3189; To exempt food and medicine from prohibition against deductions.,B001076,Not Voting,On the Motion to Table ,Agreed to,241,2,20:15:00,37,12,0,51,https://api.propublica.org/congress/v1/102/senate/sessions/2/votes/241.json
S.Amdt. 3181,,h.r.11-102,,H.R..11,,Senate,102,1992-09-25,"Dole Amdt. No. 3181; To modify the enterprise zone provisions, to provide 12-month extenders, and for other purposes.",B001076,No,On the Amendment ,Rejected,240,2,17:39:00,59,7,0,34,https://api.propublica.org/congress/v1/102/senate/sessions/2/votes/240.json
S.Amdt. 3179,,h.r.11-102,,H.R..11,,Senate,102,1992-09-25,Motion To Table Gramm Amdt No. 3179; To amend the Internal Revenue Code of 1986 to repeal designation of income tax payments to presidential election campaign fund.,B001076,Yes,On the Motion to Table ,Agreed to,239,2,15:06:00,31,7,0,62,https://api.propublica.org/congress/v1/102/senate/sessions/2/votes/239.json
S.Amdt. 3161,,h.r.11-102,,H.R..11,,Senate,102,1992-09-25,Motion To Waive CBA (Sec.904) @Smith Amdt No. 3161; To amend the Internal Revenue Code of 1986 to allow individuals to designate that up to 10 percent of their income ...,B001076,No,On the Motion ,Rejected,238,2,11:37:00,58,6,0,36,https://api.propublica.org/congress/v1/102/senate/sessions/2/votes/238.json
S.Amdt. 3174,,h.r.11-102,,H.R..11,,Senate,102,1992-09-24,Motion To Table Simon/Conrad Amendment No. 3174; Striking the deduction for goodwill.,B001076,No,On the Motion to Table ,Agreed to,237,2,21:28:00,19,6,0,75,https://api.propublica.org/congress/v1/102/senate/sessions/2/votes/237.json
S.Amdt. 3172,,h.r.11-102,,H.R..11,,Senate,102,1992-09-24,Motion To Waive CBA; To require a 60-vote supermajority in the Senate to pass any bill increasing taxes.,B001076,No,On the Motion ,Rejected,236,2,18:49:00,60,8,0,32,https://api.propublica.org/congress/v1/102/senate/sessions/2/votes/236.json
S.Amdt. 3170,,h.r.11-102,,H.R..11,,Senate,102,1992-09-24,"Motion To Table Harkin Amdt No.3170; To amend the Internal Revenue Code of 1986 to limit deductions for advertising and promotional expenses for tobacco products, and to use the resulting ...",B001076,No,On the Motion to Table ,Agreed to,235,2,17:47:00,38,6,0,56,https://api.propublica.org/congress/v1/102/senate/sessions/2/votes/235.json
S.Amdt. 3164,,h.r.11-102,,H.R..11,,Senate,102,1992-09-24,Motion To Waive CBA In Relation To Bumpers Amdt No. 3164; Striking 120 percent estimated tax safe harbor and providing a permanent extension of limitation on use of preceding year&#39;s ...,B001076,No,On the Motion ,Rejected,234,2,16:02:00,37,4,2,57,https://api.propublica.org/congress/v1/102/senate/sessions/2/votes/234.json
S.Amdt. 3163,,h.r.11-102,,H.R..11,,Senate,102,1992-09-24,"Motion To Table Deconcini Amdt No. 3163; To provide a credit against tax for employers who provide on-site day-care facilities for dependents of their employees, and for other purposes.",B001076,No,On the Motion to Table ,Agreed to,233,2,11:24:00,46,4,0,50,https://api.propublica.org/congress/v1/102/senate/sessions/2/votes/233.json
,,s.5-102,,S..5,,Senate,102,1992-09-24,S. 5 - Veto Override; Family and Medical Leave Act of 1991,B001076,Yes,On Overriding the Veto,Veto Overridden,232,2,10:04:00,31,1,0,68,https://api.propublica.org/congress/v1/102/senate/sessions/2/votes/232.json
S.Amdt. 3159,,h.r.11-102,,H.R..11,,Senate,102,1992-09-23,Packwood Amdt No. 3159; To strike the provision relating to pension plans covering pilots.,B001076,Yes,On the Amendment ,Rejected,231,2,16:28:00,56,3,0,41,https://api.propublica.org/congress/v1/102/senate/sessions/2/votes/231.json
S.Amdt. 2939,,h.r.11-102,,H.R..11,,Senate,102,1992-09-23,Motion To Table Dole Amendment No. 2939; To extend the section 29 credit for 8 months while reducing the period other provisions are extended to 15 months.,B001076,No,On the Motion to Table ,Rejected,230,2,14:13:00,57,2,0,41,https://api.propublica.org/congress/v1/102/senate/sessions/2/votes/230.json
,,h.r.5504-102,,H.R..5504,,Senate,102,1992-09-23,"H.R. 5504, As Amended; Department of Defense Appropriations Act, 1993",B001076,Yes,On Passage of the Bill,Passed,229,2,09:33:00,10,4,0,86,https://api.propublica.org/congress/v1/102/senate/sessions/2/votes/229.json
S.Amdt. 3142,,h.r.5504-102,,H.R..5504,,Senate,102,1992-09-22,"Harkin Amdt No. 3142; To transfer $200,000,000 from the Strategic Defense Initiative to the Army for a peer reviewed breast cancer research program of the Army.",B001076,Yes,On the Amendment ,Agreed to,228,2,19:18:00,4,7,0,89,https://api.propublica.org/congress/v1/102/senate/sessions/2/votes/228.json
S.Amdt. 3118,,h.r.5504-102,,H.R..5504,,Senate,102,1992-09-22,"Helms Amdt No. 3118; To prevent the use of tax dollars to support efforts by charitable organizations to compel the Boy Scouts of America to accept, as members or leaders, ...",B001076,No,On the Amendment ,Rejected,227,2,15:40:00,49,2,0,49,https://api.propublica.org/congress/v1/102/senate/sessions/2/votes/227.json
,,s.250-102,,S..250,,Senate,102,1992-09-22,"S. 250, Veto Override; National Voter Registration Act of 1991",B001076,Yes,On Overriding the Veto,Veto Sustained,226,2,14:38:00,38,0,0,62,https://api.propublica.org/congress/v1/102/senate/sessions/2/votes/226.json
,,s.12-102,,S..12,,Senate,102,1992-09-22,S. 12 - Conference Report; Cable Television Consumer Protection and Competition Act of 1992,B001076,Yes,On the Conference Report,Agreed to,225,2,14:16:00,25,0,1,74,https://api.propublica.org/congress/v1/102/senate/sessions/2/votes/225.json
,,h.r.5504-102,,H.R..5504,,Senate,102,1992-09-22,"Motion To Instruct Sergeant At Arms To Request Presence Of Senators; Department of Defense Appropriations Act, 1993",B001076,Yes,On the Motion for Attendance,Agreed to,224,2,09:33:00,13,4,0,83,https://api.propublica.org/congress/v1/102/senate/sessions/2/votes/224.json
S.Amdt. 3116,,h.r.5504-102,,H.R..5504,,Senate,102,1992-09-21,Bumpers Amdt. No. 3116; To reduce funding for the National Foreign Intelligence Program and the Tactical Intelligence and related activities program.,B001076,Yes,On the Amendment ,Rejected,223,2,19:05:00,57,8,0,35,https://api.propublica.org/congress/v1/102/senate/sessions/2/votes/223.json
S.Amdt. 3079,,s.3114-102,,S..3114,,Senate,102,1992-09-18,Motion To Table Amendment No. 3079; To promote a peaceful transition to democracy in Cuba through the application of appropriate pressures on the Cuban Government and support for the Cuban ...,B001076,No,On the Motion to Table ,Rejected,222,2,22:23:00,61,15,0,24,https://api.propublica.org/congress/v1/102/senate/sessions/2/votes/222.json
S.Amdt. 3080,,s.3114-102,,S..3114,,Senate,102,1992-09-18,Motion To Table Dodd Amdt No.3080; To provide Presidential Waiver Authority.,B001076,Yes,On the Motion to Table ,Agreed to,221,2,21:54:00,12,15,0,73,https://api.propublica.org/congress/v1/102/senate/sessions/2/votes/221.json
S.Amdt. 3074,,s.3114-102,,S..3114,,Senate,102,1992-09-18,"Coats Amdt No. 3074; To strike provisions that allow military personnel stationed abroad to obtain pre-paid reproductive services, including abortions in U.S. military hospitals overseas.",B001076,No,On the Amendment ,Rejected,220,2,18:08:00,55,9,0,36,https://api.propublica.org/congress/v1/102/senate/sessions/2/votes/220.json
,,h.r.5677-102,,H.R..5677,,Senate,102,1992-09-18,"Final Passage, H.R.5677; Department of Labor Appropriations Act, 1993 Departments of Labor, Health and Human Services, and Education, and Related Agencies Appropriations Act, 1993 Department of Health and Human Services ...",B001076,Yes,On Passage of the Bill,Passed,219,2,14:13:00,13,5,0,82,https://api.propublica.org/congress/v1/102/senate/sessions/2/votes/219.json
S.Amdt. 3045,,h.r.5677-102,,H.R..5677,,Senate,102,1992-09-18,"Hatch Amdt No. 3045; To delay implementation of regulations on P.L. 101-535 with respect to the dietary supplement of vitamins, minerals, herbs and other similar nutritional substances.",B001076,Yes,On the Amendment ,Agreed to,218,2,13:49:00,1,5,0,94,https://api.propublica.org/congress/v1/102/senate/sessions/2/votes/218.json
S.Amdt. 3043,,s.3114-102,,S..3114,,Senate,102,1992-09-18,Hatfield Amdt. No. 3043; To limit the conduct of nuclear weapons testing by the United States.,B001076,Yes,On the Amendment ,Agreed to,217,2,12:28:00,40,5,0,55,https://api.propublica.org/congress/v1/102/senate/sessions/2/votes/217.json
S.Amdt. 3041,,s.3114-102,,S..3114,,Senate,102,1992-09-18,Leahy Amdt No. 3041; To eliminate authorizations for the B-2 bomber aircraft program.,B001076,No,On the Amendment ,Rejected,216,2,10:03:00,53,2,0,45,https://api.propublica.org/congress/v1/102/senate/sessions/2/votes/216.json
S.Amdt. 3036,,s.3114-102,,S..3114,,Senate,102,1992-09-17,Pryor Amdt. No. 3036; To limit the amount that may be obligated for the Strategic Defense Initiative.,B001076,No,On the Amendment ,Agreed to,215,2,21:55:00,46,2,0,52,https://api.propublica.org/congress/v1/102/senate/sessions/2/votes/215.json
S.Amdt. 2919,,s.3114-102,,S..3114,,Senate,102,1992-09-17,"Bumpers Amdt No. 2919, As Modified; Of a perfecting nature.",B001076,Yes,On the Amendment ,Rejected,214,2,21:22:00,50,2,0,48,https://api.propublica.org/congress/v1/102/senate/sessions/2/votes/214.json
S.Amdt. 3021,,h.r.5677-102,,H.R..5677,,Senate,102,1992-09-17,"Lott Amendment No. 3021; To prohibit the Occupational Safety and Health Administration from implementing or administering certain specified regulations affecting mandatory seat belt use, mandatory motorcycle helmet use and mandatory ...",B001076,No,On the Amendment ,Rejected,213,2,17:58:00,55,2,0,43,https://api.propublica.org/congress/v1/102/senate/sessions/2/votes/213.json
S.Amdt. 3020,,h.r.5677-102,,H.R..5677,,Senate,102,1992-09-17,Kennedy Amdt No. 3020 To Helms Amdt No. 3018; To limit funding for programs that distribute sterile needles for the hypodermic injection of illegal drugs.,B001076,Yes,On the Amendment ,Agreed to,212,2,17:22:00,29,2,0,69,https://api.propublica.org/congress/v1/102/senate/sessions/2/votes/212.json
S.Amdt. 3019,,h.r.5677-102,,H.R..5677,,Senate,102,1992-09-17,Motion To Waive CBA; To increase the amounts available for carrying out programs of cancer research.,B001076,Yes,On the Motion ,Rejected,211,2,15:01:00,53,4,0,43,https://api.propublica.org/congress/v1/102/senate/sessions/2/votes/211.json
S.Amdt. 3013,,h.r.5677-102,,H.R..5677,,Senate,102,1992-09-17,Motion To Waive CBA; To grant the power to the President to reduce budget authority.,B001076,No,On the Motion ,Rejected,210,2,12:57:00,56,4,0,40,https://api.propublica.org/congress/v1/102/senate/sessions/2/votes/210.json
S.Amdt. 3000,,h.r.5677-102,,H.R..5677,,Senate,102,1992-09-16,"Motion To Waive CBA; To rescind certain appropriations made available in the Fiscal Year 1992 Department of Defense Appropriations Act under Title III &#39;Procurement&#39;, and to make funds available to ...",B001076,Yes,On the Motion ,Rejected,209,2,17:31:00,67,3,0,30,https://api.propublica.org/congress/v1/102/senate/sessions/2/votes/209.json
S.Amdt. 2999,,h.r.5677-102,,H.R..5677,,Senate,102,1992-09-16,"Motion To Waive CBA; To increase the amounts made available for Head Start, Healthy Start, Job Corps, disease control, maternal and child health, child care, community health centers, infant mortality, ...",B001076,Yes,On the Motion ,Rejected,208,2,16:16:00,62,2,0,36,https://api.propublica.org/congress/v1/102/senate/sessions/2/votes/208.json
