amendment.api_uri,amendment.number,amendment.sponsor,amendment.sponsor_id,amendment.sponsor_party,amendment.sponsor_state,amendment.sponsor_uri,bill.api_uri,bill.bill_id,bill.bill_uri,bill.latest_action,bill.number,bill.sponsor_id,bill.title,chamber,congress,date,description,member_id,nomination.agency,nomination.name,nomination.nomination_id,nomination.number,position,question,result,roll_call,session,time,total.no,total.not_voting,total.present,total.yes,vote_uri
,,,,,,,,hconres321-111,https://api.propublica.org/congress/v1/111/bills/hconres321.json,Message on Senate action sent to the House.,H.Con.Res. 321,A000363,Providing for a conditional adjournment of the House of Representatives and a conditional recess or adjournment of the Senate.,Senate,111,2010-09-29,,G000561,,,,,Yes,On the Resolution,Resolution Agreed to,248,2,20:11:00,39,7,0,54,https://api.propublica.org/congress/v1/111/senate/sessions/2/votes/248.json
,,,,,,,,hr3081-111,https://api.propublica.org/congress/v1/111/bills/hr3081.json,Became Public Law No: 111-242,H.R. 3081,L000480,"Continuing Appropriations Act, 2011",Senate,111,2010-09-29,"Continuing Appropriations Act, 2011 ",G000561,,,,,Yes,On Passage of the Bill,Bill Passed,247,2,19:51:00,30,1,0,69,https://api.propublica.org/congress/v1/111/senate/sessions/2/votes/247.json
https://api.propublica.org/congress/v1/111/amendments/hamdt4.json,S.Amdt. 4677 to S.Amdt. 4674,Jeb Hensarling,H001036,R,Tex.,https://api.propublica.org/congress/v1/members/H001036.json,,hr3081-111,https://api.propublica.org/congress/v1/111/bills/hr3081.json,Became Public Law No: 111-242,H.R. 3081,L000480,"Continuing Appropriations Act, 2011",Senate,111,2010-09-29,"Continuing Appropriations Act, 2011 ",G000561,,,,,No,On the Amendment,Amendment Rejected,246,2,19:35:00,60,1,0,39,https://api.propublica.org/congress/v1/111/senate/sessions/2/votes/246.json
https://api.propublica.org/congress/v1/111/amendments/hamdt4.json,S.Amdt. 4676 to S.Amdt. 4674,Jeb Hensarling,H001036,R,Tex.,https://api.propublica.org/congress/v1/members/H001036.json,,hr3081-111,https://api.propublica.org/congress/v1/111/bills/hr3081.json,Became Public Law No: 111-242,H.R. 3081,L000480,"Continuing Appropriations Act, 2011",Senate,111,2010-09-29,"Continuing Appropriations Act, 2011 ",G000561,,,,,No,On the Amendment,Amendment Rejected,245,2,19:02:00,51,1,0,48,https://api.propublica.org/congress/v1/111/senate/sessions/2/votes/245.json
,,,,,,,,sjres39-111,https://api.propublica.org/congress/v1/111/bills/sjres39.json,Senate floor actions. Status: Motion to proceed to consideration of measure rejected in Senate by Yea-Nay Vote. 40 - 59. Record Vote Number: 244.,S.J.Res. 39,E000285,"A joint resolution providing for congressional disapproval under chapter 8 of title 5, United States Code, of the rule relating to status as a grandfathered health plan under the Patient Protection and Affordable Care Act.",Senate,111,2010-09-29,"A joint resolution providing for congressional disapproval under chapter 8 of title 5, United States Code, of the rule relating to status as a grandfathered health plan under the Patient ...",G000561,,,,,No,On the Motion to Proceed,Motion to Proceed Rejected,244,2,12:23:00,59,1,0,40,https://api.propublica.org/congress/v1/111/senate/sessions/2/votes/244.json
,,,,,,,,hr3081-111,https://api.propublica.org/congress/v1/111/bills/hr3081.json,Became Public Law No: 111-242,H.R. 3081,L000480,"Continuing Appropriations Act, 2011",Senate,111,2010-09-28,"Continuing Appropriations Act, 2011 ",G000561,,,,,Yes,On the Cloture Motion,Cloture Motion Agreed to,243,2,12:19:00,15,2,0,83,https://api.propublica.org/congress/v1/111/senate/sessions/2/votes/243.json
,,,,,,,,s3816-111,https://api.propublica.org/congress/v1/111/bills/s3816.json,Senate floor actions. Status: Cloture on the motion to proceed to the bill not invoked in Senate by Yea-Nay Vote. 53 - 45. Record Vote Number: 242.,S. 3816,D000563,Creating American Jobs and Ending Offshoring Act,Senate,111,2010-09-28,S.3816 -- Creating American Jobs and Ending Offshoring Act,G000561,,,,,Yes,On the Cloture Motion,Cloture Motion Rejected,242,2,11:31:00,45,2,0,53,https://api.propublica.org/congress/v1/111/senate/sessions/2/votes/242.json
,,,,,,,,s3816-111,https://api.propublica.org/congress/v1/111/bills/s3816.json,Senate floor actions. Status: Cloture on the motion to proceed to the bill not invoked in Senate by Yea-Nay Vote. 53 - 45. Record Vote Number: 242.,S. 3816,D000563,Creating American Jobs and Ending Offshoring Act,Senate,111,2010-09-27,S.3816 -- Creating American Jobs and Ending Offshoring Act,G000561,,,,,Yes,On the Motion,Motion Agreed to,241,2,19:05:00,25,27,0,48,https://api.propublica.org/congress/v1/111/senate/sessions/2/votes/241.json
,,,,,,,,s3628-111,https://api.propublica.org/congress/v1/111/bills/s3628.json,"Senate floor actions. Status: Upon reconsideration, cloture on the motion to proceed to the bill (S.3628 ) not invoked in Senate by Yea-Nay Vote. 59 - 39. Record Vote Number: 240.",S. 3628,S000148,Democracy is Strengthened by Casting Light on Spending in Elections Act,Senate,111,2010-09-23,S.3628 -- DISCLOSE Act,G000561,,,,,Yes,On the Cloture Motion,Cloture Motion Rejected,240,2,14:20:00,39,2,0,59,https://api.propublica.org/congress/v1/111/senate/sessions/2/votes/240.json
,,,,,,,,sjres30-111,https://api.propublica.org/congress/v1/111/bills/sjres30.json,Senate floor actions. Status: Motion to proceed to consideration of measure rejected in Senate by Yea-Nay Vote. 43 - 56. Record Vote Number: 239.,S.J.Res. 30,I000055,"A joint resolution providing for congressional disapproval under chapter 8 of title 5, United States Code, of the rule submitted by the National Mediation Board relating to representation election procedures.",Senate,111,2010-09-23,"A joint resolution providing for congressional disapproval under chapter 8 of title 5, United States Code, of the rule submitted by the National Mediation Board relating to representation election procedures.",G000561,,,,,No,On the Motion to Proceed,Motion to Proceed Rejected,239,2,12:30:00,56,1,0,43,https://api.propublica.org/congress/v1/111/senate/sessions/2/votes/239.json
,,,,,,,,s3454-111,https://api.propublica.org/congress/v1/111/bills/s3454.json,"Senate committee/subcommittee actions. Status: Senate Committee on Armed Services. Hearings held prior to introduction and/or referral. Hearings printed: S.Hrg. 111-701, pt. 1.",S. 3454,L000261,National Defense Authorization Act for Fiscal Year 2011,Senate,111,2010-09-21,S.3454 -- National Defense Authorization Act for Fiscal Year 2011,G000561,,,,,Yes,On the Cloture Motion,Cloture Motion Rejected,238,2,14:39:00,43,1,0,56,https://api.propublica.org/congress/v1/111/senate/sessions/2/votes/238.json
,,,,,,,,hr5297-111,https://api.propublica.org/congress/v1/111/bills/hr5297.json,Became Public Law No: 111-240,H.R. 5297,F000339,Small Business Jobs Act of 2010,Senate,111,2010-09-16,Small Business Jobs Act of 2010 ,G000561,,,,,Yes,On Passage of the Bill,Bill Passed,237,2,12:30:00,38,1,0,61,https://api.propublica.org/congress/v1/111/senate/sessions/2/votes/237.json
,,,,,,,,hr5297-111,https://api.propublica.org/congress/v1/111/bills/hr5297.json,Became Public Law No: 111-240,H.R. 5297,F000339,Small Business Jobs Act of 2010,Senate,111,2010-09-16,Small Business Jobs Act of 2010 ,G000561,,,,,Yes,On the Cloture Motion,Cloture Motion Agreed to,236,2,12:01:00,38,1,0,61,https://api.propublica.org/congress/v1/111/senate/sessions/2/votes/236.json
,,,,,,,,hr5297-111,https://api.propublica.org/congress/v1/111/bills/hr5297.json,Became Public Law No: 111-240,H.R. 5297,F000339,Small Business Jobs Act of 2010,Senate,111,2010-09-16,Small Business Jobs Act of 2010 ,G000561,,,,,No,On the Motion,Motion Rejected,235,2,11:20:00,48,1,0,51,https://api.propublica.org/congress/v1/111/senate/sessions/2/votes/235.json
,,,,,,,,hr5297-111,https://api.propublica.org/congress/v1/111/bills/hr5297.json,Became Public Law No: 111-240,H.R. 5297,F000339,Small Business Jobs Act of 2010,Senate,111,2010-09-16,Small Business Jobs Act of 2010 ,G000561,,,,,No,On the Motion,Motion Rejected,234,2,10:49:00,58,1,0,41,https://api.propublica.org/congress/v1/111/senate/sessions/2/votes/234.json
https://api.propublica.org/congress/v1/111/amendments/samdt4594.json,S.Amdt. 4594,Max Baucus,B000243,D,Mont.,https://api.propublica.org/congress/v1/members/B000243.json,,hr5297-111,https://api.propublica.org/congress/v1/111/bills/hr5297.json,Became Public Law No: 111-240,H.R. 5297,F000339,Small Business Jobs Act of 2010,Senate,111,2010-09-14,Small Business Jobs Act of 2010 ,G000561,,,,,Yes,On the Cloture Motion,Cloture Motion Agreed to,233,2,11:46:00,37,2,0,61,https://api.propublica.org/congress/v1/111/senate/sessions/2/votes/233.json
https://api.propublica.org/congress/v1/111/amendments/samdt4595.json,S.Amdt. 4595 to S.Amdt. 4594,Bill Nelson,N000032,D,Fla.,https://api.propublica.org/congress/v1/members/N000032.json,,hr5297-111,https://api.propublica.org/congress/v1/111/bills/hr5297.json,Became Public Law No: 111-240,H.R. 5297,F000339,Small Business Jobs Act of 2010,Senate,111,2010-09-14,Small Business Jobs Act of 2010 ,G000561,,,,,Yes,On the Cloture Motion,Cloture Motion Rejected,232,2,11:29:00,42,2,0,56,https://api.propublica.org/congress/v1/111/senate/sessions/2/votes/232.json
https://api.propublica.org/congress/v1/111/amendments/samdt4596.json,S.Amdt. 4596 to S.Amdt. 4595,Mike Johanns,J000291,R,Neb.,https://api.propublica.org/congress/v1/members/J000291.json,,hr5297-111,https://api.propublica.org/congress/v1/111/bills/hr5297.json,Became Public Law No: 111-240,H.R. 5297,F000339,Small Business Jobs Act of 2010,Senate,111,2010-09-14,Small Business Jobs Act of 2010 ,G000561,,,,,No,On the Cloture Motion,Cloture Motion Rejected,231,2,11:01:00,52,2,0,46,https://api.propublica.org/congress/v1/111/senate/sessions/2/votes/231.json
,,,,,,,,pn885-111,,,PN885,,,Senate,111,2010-09-13,"Jane Branstetter Stranch, of Tennessee, to be United States Circuit Judge for the Sixth Circuit",G000561,,Jane Branstetter Stranch,PN885-111,PN885,Yes,On the Nomination,Nomination Confirmed,230,2,17:29:00,21,8,0,71,https://api.propublica.org/congress/v1/111/senate/sessions/2/votes/230.json
,,,,,,,,pn1768-111,,,PN1768,,,Senate,111,2010-08-05,"Elena Kagan, of Massachusetts, to be an Associate Justice of the Supreme Court of the United States",G000561,,Elena Kagan,PN1768-111,PN1768,Yes,On the Nomination,Nomination Confirmed,229,2,15:30:00,37,0,0,63,https://api.propublica.org/congress/v1/111/senate/sessions/2/votes/229.json
,,,,,,,,hr1586-111,https://api.propublica.org/congress/v1/111/bills/hr1586.json,Became Public Law No: 111-226,H.R. 1586,R000053,FAA Air Transportation Modernization and Safety Improvement Act,Senate,111,2010-08-05,Aviation Safety and Investment Act of 2010 ,G000561,,,,,Yes,On the Motion,Motion Agreed to,228,2,12:07:00,39,0,0,61,https://api.propublica.org/congress/v1/111/senate/sessions/2/votes/228.json
,,,,,,,,hr1586-111,https://api.propublica.org/congress/v1/111/bills/hr1586.json,Became Public Law No: 111-226,H.R. 1586,R000053,FAA Air Transportation Modernization and Safety Improvement Act,Senate,111,2010-08-05,Aviation Safety and Investment Act of 2010 ,G000561,,,,,No,On the Motion,Motion Rejected,227,2,11:50:00,58,0,0,42,https://api.propublica.org/congress/v1/111/senate/sessions/2/votes/227.json
,,,,,,,,hr1586-111,https://api.propublica.org/congress/v1/111/bills/hr1586.json,Became Public Law No: 111-226,H.R. 1586,R000053,FAA Air Transportation Modernization and Safety Improvement Act,Senate,111,2010-08-05,Aviation Safety and Investment Act of 2010 ,G000561,,,,,No,On the Motion,Motion Rejected,226,2,11:23:00,58,0,0,42,https://api.propublica.org/congress/v1/111/senate/sessions/2/votes/226.json
https://api.propublica.org/congress/v1/111/amendments/samdt4575.json,S.Amdt. 4575,Patty Murray,M001111,D,Wash.,https://api.propublica.org/congress/v1/members/M001111.json,,hr1586-111,https://api.propublica.org/congress/v1/111/bills/hr1586.json,Became Public Law No: 111-226,H.R. 1586,R000053,FAA Air Transportation Modernization and Safety Improvement Act,Senate,111,2010-08-04,Aviation Safety and Investment Act of 2010 ,G000561,,,,,Yes,On the Motion,Motion Agreed to,225,2,11:09:00,38,1,0,61,https://api.propublica.org/congress/v1/111/senate/sessions/2/votes/225.json
,,,,,,,,hr1586-111,https://api.propublica.org/congress/v1/111/bills/hr1586.json,Became Public Law No: 111-226,H.R. 1586,R000053,FAA Air Transportation Modernization and Safety Improvement Act,Senate,111,2010-08-04,Aviation Safety and Investment Act of 2010 ,G000561,,,,,Yes,On the Cloture Motion,Cloture Motion Agreed to,224,2,10:41:00,38,1,0,61,https://api.propublica.org/congress/v1/111/senate/sessions/2/votes/224.json
https://api.propublica.org/congress/v1/111/amendments/samdt4567.json,S.Amdt. 4567,Patty Murray,M001111,D,Wash.,https://api.propublica.org/congress/v1/members/M001111.json,,hr1586-111,https://api.propublica.org/congress/v1/111/bills/hr1586.json,Became Public Law No: 111-226,H.R. 1586,R000053,FAA Air Transportation Modernization and Safety Improvement Act,Senate,111,2010-08-02,Aviation Safety and Investment Act of 2010 ,G000561,,,,,Yes,On the Motion to Table,Motion to Table Agreed to,223,2,17:47:00,0,5,0,95,https://api.propublica.org/congress/v1/111/senate/sessions/2/votes/223.json
,,,,,,,,hr5297-111,https://api.propublica.org/congress/v1/111/bills/hr5297.json,Became Public Law No: 111-240,H.R. 5297,F000339,Small Business Jobs Act of 2010,Senate,111,2010-07-29,Small Business Jobs Act of 2010 ,G000561,,,,,Yes,On the Motion,Motion Agreed to,222,2,16:53:00,23,7,0,70,https://api.propublica.org/congress/v1/111/senate/sessions/2/votes/222.json
https://api.propublica.org/congress/v1/111/amendments/samdt4519.json,S.Amdt. 4519,Harry Reid,R000146,D,Nev.,https://api.propublica.org/congress/v1/members/R000146.json,,hr5297-111,https://api.propublica.org/congress/v1/111/bills/hr5297.json,Became Public Law No: 111-240,H.R. 5297,F000339,Small Business Jobs Act of 2010,Senate,111,2010-07-29,Small Business Jobs Act of 2010 ,G000561,,,,,Yes,On the Cloture Motion,Cloture Motion Rejected,221,2,11:40:00,42,0,0,58,https://api.propublica.org/congress/v1/111/senate/sessions/2/votes/221.json
,,,,,,,,s3628-111,https://api.propublica.org/congress/v1/111/bills/s3628.json,"Senate floor actions. Status: Upon reconsideration, cloture on the motion to proceed to the bill (S.3628 ) not invoked in Senate by Yea-Nay Vote. 59 - 39. Record Vote Number: 240.",S. 3628,S000148,Democracy is Strengthened by Casting Light on Spending in Elections Act,Senate,111,2010-07-27,S.3628 -- DISCLOSE Act,G000561,,,,,Yes,On the Cloture Motion,Cloture Motion Rejected,220,2,15:22:00,41,2,0,57,https://api.propublica.org/congress/v1/111/senate/sessions/2/votes/220.json
,,,,,,,,hr4899-111,https://api.propublica.org/congress/v1/111/bills/hr4899.json,Became Public Law No: 111-212,H.R. 4899,O000007,"Supplemental Appropriations Act, 2010",Senate,111,2010-07-22,"Resolved, That the House agree to the amendment of the Senate to the title of the bill ",G000561,,,,,Yes,On the Cloture Motion,Cloture Motion Rejected,219,2,22:11:00,51,3,0,46,https://api.propublica.org/congress/v1/111/senate/sessions/2/votes/219.json
https://api.propublica.org/congress/v1/111/amendments/samdt4500.json,S.Amdt. 4500 to S.Amdt. 4499,George S. LeMieux,L000572,R,Fla.,https://api.propublica.org/congress/v1/members/L000572.json,,hr5297-111,https://api.propublica.org/congress/v1/111/bills/hr5297.json,Became Public Law No: 111-240,H.R. 5297,F000339,Small Business Jobs Act of 2010,Senate,111,2010-07-22,Small Business Jobs Act of 2010 ,G000561,,,,,Yes,On the Cloture Motion,Cloture Motion Agreed to,218,2,21:46:00,37,3,0,60,https://api.propublica.org/congress/v1/111/senate/sessions/2/votes/218.json
,,,,,,,,sres591-111,https://api.propublica.org/congress/v1/111/bills/sres591.json,Passed/agreed to in Senate. Status: Resolution agreed to in Senate without amendment and with a preamble by Yea-Nay. 100 - 0. Record Vote Number: 217.,S.Res. 591,H000206,A resolution recognizing and honoring the 20th anniversary of the enactment of the Americans with Disabilities Act of 1990.,Senate,111,2010-07-22,A resolution recognizing and honoring the 20th anniversary of the enactment of the Americans with Disabilities Act of 1990.,G000561,,,,,Yes,On the Resolution,Resolution Agreed to,217,2,12:27:00,0,0,0,100,https://api.propublica.org/congress/v1/111/senate/sessions/2/votes/217.json
,,,,,,,,hjres83-111,https://api.propublica.org/congress/v1/111/bills/hjres83.json,Became Public Law No: 111-210,H.J.Res. 83,C001038,"Approving the renewal of import restrictions contained in the Burmese Freedom and Democracy Act of 2003, and for other purposes.",Senate,111,2010-07-22,"Approving the renewal of import restrictions contained in the Burmese Freedom and Democracy Act of 2003, and for other purposes.",G000561,,,,,Yes,On the Joint Resolution,Joint Resolution Passed,216,2,12:02:00,1,0,0,99,https://api.propublica.org/congress/v1/111/senate/sessions/2/votes/216.json
,,,,,,,,hr4213-111,https://api.propublica.org/congress/v1/111/bills/hr4213.json,Became Public Law No: 111-205,H.R. 4213,R000053,Unemployment Compensation Extension Act of 2010,Senate,111,2010-07-21,American Jobs and Closing Tax Loopholes Act of 2010 ,G000561,,,,,Yes,On the Motion,Motion Agreed to,215,2,18:40:00,39,2,0,59,https://api.propublica.org/congress/v1/111/senate/sessions/2/votes/215.json
,,,,,,,,hr4213-111,https://api.propublica.org/congress/v1/111/bills/hr4213.json,Became Public Law No: 111-205,H.R. 4213,R000053,Unemployment Compensation Extension Act of 2010,Senate,111,2010-07-21,American Jobs and Closing Tax Loopholes Act of 2010 ,G000561,,,,,No,On the Motion,Motion Rejected,214,2,18:21:00,55,2,0,43,https://api.propublica.org/congress/v1/111/senate/sessions/2/votes/214.json
,,,,,,,,hr4213-111,https://api.propublica.org/congress/v1/111/bills/hr4213.json,Became Public Law No: 111-205,H.R. 4213,R000053,Unemployment Compensation Extension Act of 2010,Senate,111,2010-07-21,American Jobs and Closing Tax Loopholes Act of 2010 ,G000561,,,,,No,On the Motion,Motion Rejected,213,2,18:01:00,59,2,0,39,https://api.propublica.org/congress/v1/111/senate/sessions/2/votes/213.json
,,,,,,,,hr4213-111,https://api.propublica.org/congress/v1/111/bills/hr4213.json,Became Public Law No: 111-205,H.R. 4213,R000053,Unemployment Compensation Extension Act of 2010,Senate,111,2010-07-21,American Jobs and Closing Tax Loopholes Act of 2010 ,G000561,,,,,No,On the Motion,Motion Rejected,212,2,17:39:00,44,2,0,54,https://api.propublica.org/congress/v1/111/senate/sessions/2/votes/212.json
,,,,,,,,hr4213-111,https://api.propublica.org/congress/v1/111/bills/hr4213.json,Became Public Law No: 111-205,H.R. 4213,R000053,Unemployment Compensation Extension Act of 2010,Senate,111,2010-07-21,American Jobs and Closing Tax Loopholes Act of 2010 ,G000561,,,,,No,On the Motion,Motion Rejected,211,2,17:16:00,49,2,0,49,https://api.propublica.org/congress/v1/111/senate/sessions/2/votes/211.json
,,,,,,,,hr4213-111,https://api.propublica.org/congress/v1/111/bills/hr4213.json,Became Public Law No: 111-205,H.R. 4213,R000053,Unemployment Compensation Extension Act of 2010,Senate,111,2010-07-21,American Jobs and Closing Tax Loopholes Act of 2010 ,G000561,,,,,No,On the Motion,Motion Rejected,210,2,16:49:00,56,2,0,42,https://api.propublica.org/congress/v1/111/senate/sessions/2/votes/210.json
,,,,,,,,hr4213-111,https://api.propublica.org/congress/v1/111/bills/hr4213.json,Became Public Law No: 111-205,H.R. 4213,R000053,Unemployment Compensation Extension Act of 2010,Senate,111,2010-07-20,American Jobs and Closing Tax Loopholes Act of 2010 ,G000561,,,,,Yes,On the Cloture Motion,Cloture Motion Agreed to,209,2,14:31:00,40,0,0,60,https://api.propublica.org/congress/v1/111/senate/sessions/2/votes/209.json
